Date,Campaign_ads_name,Campaign_ads_ID,Device plaform,Currency,Cost,Impressions,Clicks (all),Post engagements,Link clicks,Leads (form),video_view,conversions
2019-05-17,SEM_Cassandra-Search-World-Jobs,1917939744,mobile_app,VND,"181,808",328,1,1,0,0,130,2
2019-05-18,SEM_Cassandra-Brand #2,1917978903,mobile_web,VND,"136,080",23854,41,8,7,0,184,2
2019-05-18,SEM_Cassandra-Search-Bank,1918272637,mobile_app,VND,170330,458,5,2,2,0,111,0
2019-05-18,SEM_Cassandra-Search-World-Jobs,1917939744,mobile_web,VND,"140,864",92225,153,67,58,0,242,2
2019-05-19,SEM_Cassandra-Brand #2,1917978903,mobile_app,VND,"125,000",98290,201,85,73,0,299,1
2019-05-19,SEM_Cassandra-Search-Bank,1918272637,mobile_app,VND,107645,88050,204,82,67,0,148,1
2019-05-19,SEM_Cassandra-Search-World-Jobs,1917939744,mobile_web,VND,"170,273",93908,217,84,63,0,242,2
2019-05-20,GDN_Brand awaren_Galinburg_World_ and reach-Display-1,1917120641,mobile_app,VND,"109,128",97635,192,84,62,0,150,1
2019-05-20,GDN_Fox_Display_Display-KV1,1917129835,mobile_web,VND,"155,516",92722,207,105,80,0,300,1
2019-05-20,SEM_Cassandra-Brand #2,1917978903,mobile_app,VND,"141,709",109772,237,90,70,0,287,2
2019-05-20,SEM_Cassandra-Search-World-Jobs,1917939744,mobile_web,VND,"116,396",114941,263,130,100,0,272,1
2019-05-21,GDN_Brand awaren_Galinburg_World_ and reach-Display-1,1917120641,desktop,VND,"181,099",99,0,16,0,0,209,0
2019-05-21,GDN_Fox_Display_Display-KV1,1917129835,mobile_app,VND,"129,788",45314,110,51,44,0,204,0
2019-05-21,SEM_Cassandra-Brand #2,1917978903,desktop,VND,"178,954",113069,243,11964,0,0,114,2
2019-05-21,SEM_Cassandra-Search-World-Jobs,1917939744,mobile_app,VND,"168,314",166695,250,53769,2,0,132,1
2019-05-22,GDN_Brand awaren_Galinburg_World_ and reach-Display-1,1917120641,mobile_web,VND,"148,908",190675,297,77315,1,0,110,0
2019-05-22,GDN_Fox_Display_Display-KV1,1917129835,desktop,VND,"157,329",107832,180,40153,2,0,134,2
2019-05-22,SEM_Cassandra-Brand #2,1917978903,mobile_app,VND,"118,575",146076,280,49717,3,0,218,0
2019-05-22,SEM_Cassandra-Search-World-Jobs,1917939744,mobile_web,VND,"186,520",90064,183,22788,1,0,262,0
2019-05-23,GDN_Brand awaren_Galinburg_World_ and reach-Display-1,1917120641,mobile_app,VND,"194,047",14867,1027,1017,1,0,159,2
2019-05-23,GDN_Fox_Display_Display-KV1,1917129835,mobile_app,VND,"122,282",63631,1450,1325,5,0,261,0
2019-05-23,SEM_Cassandra-Brand #2,1917978903,mobile_app,VND,"135,661",115424,280,18966,0,0,129,1
2019-05-23,SEM_Cassandra-Search-World-Jobs,1917939744,mobile_app,VND,"131,619",165852,368,37663,0,0,156,1
2019-05-24,GDN_Brand awaren_Galinburg_World_ and reach-Display-1,1917120641,desktop,VND,"145,950",133783,206,56805,0,0,299,2
2019-05-24,GDN_Fox_Display_Display-KV1,1917129835,mobile_app,VND,"178,419",91571,187,34713,0,0,252,1
2019-05-24,SEM_Cassandra-Brand #2,1917978903,desktop,VND,"141,221",80127,187,26344,0,0,235,1
2019-05-24,SEM_Cassandra-Search-World-Jobs,1917939744,mobile_app,VND,"117,502",98812,0,90314,0,0,182,2
2019-05-25,GDN_Brand awaren_Galinburg_World_ and reach-Display-1,1917120641,desktop,VND,"112,815",58230,0,52585,0,0,265,1
2019-05-25,GDN_Fox_Display_Display-KV1,1917129835,mobile_app,VND,"159,067",43544,0,39278,0,0,122,0
2019-05-25,SEM_Cassandra-Brand #2,1917978903,desktop,VND,"179,628",34355,1992,1827,0,0,132,0
2019-05-25,SEM_Cassandra-Search-World-Jobs,1917939744,mobile_app,VND,"137,953",33144,0,29788,0,0,271,0
2019-05-26,GDN_Brand awaren_Galinburg_World_ and reach-Display-1,1917120641,mobile_app,VND,"113,451",39099,1708,1490,0,0,189,1
2019-05-26,GDN_Brand awaren_Galinburg_World_ and reach-Display-KV2,1961240827,mobile_app,VND,"119,972",40694,0,35671,0,0,282,0
2019-05-26,GDN_Fox_Display_Display-KV1,1917129835,mobile_app,VND,"158,291",21173,1375,1300,0,0,106,2
2019-05-26,GDN_Cassandra-Display- KV3,1961254468,mobile_app,VND,146432,35663,1439,1286,0,0,142,0
2019-05-26,SEM_Cassandra-Brand #2,1917978903,mobile_app,VND,"115,601",41379,44,29384,0,0,220,2
2019-05-26,SEM_Cassandra-Search-World-Jobs,1917939744,mobile_app,VND,"132,356",20317,1417,1351,0,0,231,1
2019-05-27,GDN_Brand awaren_Galinburg_World_ and reach-Display-1,1917120641,mobile_app,VND,"182,681",33443,1156,991,0,0,280,1
2019-05-27,GDN_Brand awaren_Galinburg_World_ and reach-Display-KV2,1961240827,mobile_app,VND,"132,149",47077,60,33197,0,0,173,0
2019-05-27,GDN_Fox_Display_Display-KV1,1917129835,mobile_app,VND,"190,967",32882,1130,1005,0,0,300,1
2019-05-27,GDN_Cassandra-Display- KV3,1961254468,mobile_app,VND,"195,924",36623,70,21519,0,0,160,2
2019-05-27,SEM_Cassandra-Brand #2,1917978903,mobile_app,VND,"126,080",75,5,4,0,0,295,2
2019-05-27,SEM_Cassandra-Search-World-Jobs,1917939744,desktop,VND,"102,052",34965,1116,993,0,0,244,1
2019-05-28,GDN_Brand awaren_Galinburg_World_ and reach-Display-1,1917120641,mobile_app,VND,"130,081",27,1,1,0,0,161,0
2019-05-28,GDN_Brand awaren_Galinburg_World_ and reach-Display-KV2,1961240827,desktop,VND,"147,098",1938,181,180,7,0,282,2
2019-05-28,GDN_Fox_Display_Display-KV1,1917129835,mobile_app,VND,"197,993",340,39,35,0,0,149,1
2019-05-28,GDN_Cassandra-Display- KV3,1961254468,desktop,VND,"147,979",423,1,99,0,0,122,2
2019-05-28,SEM_Cassandra-Brand #2,1917978903,mobile_app,VND,"121,211",33,0,0,0,0,206,0
2019-05-28,SEM_Cassandra-World-recruiment,1971158871,desktop,VND,"196,476",768,40,21,12,0,133,2
2019-05-28,SEM_Cassandra-Search-World-Jobs,1917939744,mobile_app,VND,"187,684",27592,1646,1569,151,0,168,1
2019-05-29,GDN_Brand awaren_Galinburg_World_ and reach-Display-KV2,1961240827,mobile_app,VND,"150,977",120,7,5,0,0,123,1
2019-05-29,GDN_Cassandra-Display- KV3,1961254468,mobile_web,VND,"186,622",49876,1724,1545,380,0,139,0
2019-05-29,SEM_Cassandra-Brand #2,1917978903,mobile_app,VND,"141,314",265,3,50,0,0,228,2
2019-05-29,SEM_Cassandra-World-headhunter,1970519510,mobile_web,VND,"150,072",12694,60,3338,0,0,117,0
2019-05-29,SEM_Cassandra-World-recruiment,1971158871,mobile_app,VND,"150,680",39491,1302,1139,289,0,146,1
2019-05-29,SEM_Cassandra-Search-World-Jobs,1917939744,desktop,VND,"186,823",439,6,87,0,0,300,1
2019-05-29,SEM_Cassandra_MKT1,1978660208,mobile_app,VND,163780,64065,282,21343,0,0,168,1
2019-05-30,GDN_Brand awaren_Galinburg_World_ and reach-Display-KV2,1961240827,desktop,VND,"170,033",66092,335,17041,0,0,295,1
2019-05-30,GDN_Cassandra-Display- KV3,1961254468,mobile_app,VND,"186,628",113,4,4,0,0,178,1
2019-05-30,SEM-Cassandra-HR1,1980306223,desktop,VND,"148,846",6852,367,377,0,0,274,1
2019-05-30,SEM_Cassandra-Brand #2,1917978903,mobile_app,VND,"143,790",71265,388,17635,0,0,257,0
2019-05-30,SEM_Cassandra-World-headhunter,1970519510,desktop,VND,"188,153",762,32,22,0,0,109,2
2019-05-30,SEM_Cassandra-World-recruiment,1971158871,mobile_app,VND,"100,534",54361,2618,2604,0,0,252,1
2019-05-30,SEM_Cassandra-Search-Bank,1918272637,desktop,VND,148104,68282,321,15197,0,0,143,0
2019-05-30,SEM_Cassandra-Search-World-Jobs,1917939744,mobile_app,VND,"186,430",69899,2535,2408,0,0,161,1
2019-05-30,SEM_Cassandra_FMCG,1980162614,desktop,VND,196066,9808,136,126,125,0,163,0
2019-05-30,SEM_Cassandra_Finance,1980857190,mobile_app,VND,173801,6071,97,1764,88,0,180,1
2019-05-30,SEM_Cassandra_MKT1,1978660208,desktop,VND,"175,068",55066,1957,1857,0,0,192,0
2019-05-30,SEM_Cassandra_Manufacture,1980780387,mobile_app,VND,188275,753,2,70,0,0,231,0
2019-05-30,SEM_Cassandra_Retails,1980166496,desktop,VND,112723,141,1,42,0,0,181,0
2019-05-31,GDN_Brand awaren_Galinburg_World_ and reach-Display-KV2,1961240827,mobile_app,VND,"162,889",21934,247,197,190,0,297,2
2019-05-31,GDN_Cassandra-Display- KV3,1961254468,desktop,VND,"147,776",11947,164,3004,134,0,152,0
2019-05-31,SEM-Cassandra-HR1,1980306223,mobile_app,VND,"144,389",69,16,25,0,0,166,2
2019-05-31,SEM_Cassandra-Brand #2,1917978903,desktop,VND,"134,312",4043,68,49,49,0,103,2
2019-05-31,SEM_Cassandra-World-headhunter,1970519510,mobile_app,VND,"186,742",3963,72,1387,66,0,277,2
2019-05-31,SEM_Cassandra-World-recruiment,1971158871,desktop,VND,"189,101",4464,295,380,2,0,192,0
2019-05-31,SEM_Cassandra-Search-Bank,1918272637,mobile_app,VND,128306,1990,36,32,32,0,162,1
2019-05-31,SEM_Cassandra-Search-World-Jobs,1917939744,desktop,VND,"109,977",4659,68,2085,61,0,239,2
2019-05-31,SEM_Cassandra_FMCG,1980162614,mobile_app,VND,115007,5541,295,347,0,0,229,2
2019-05-31,SEM_Cassandra_Finance,1980857190,desktop,VND,173729,3923,45,42,41,0,160,1
2019-05-31,SEM_Cassandra_MKT1,1978660208,mobile_app,VND,"161,021",5263,80,2775,78,0,294,0
2019-05-31,SEM_Cassandra_Manufacture,1980780387,desktop,VND,"133,149",2735,112,123,0,0,236,0
2019-05-31,SEM_Cassandra_Retails,1980166496,mobile_app,VND,103621,13083,192,141,138,0,214,1
2019-06-01,GDN_Brand awaren_Galinburg_World_ and reach-Display-1,1917120641,desktop,VND,"163,970",13465,226,7298,220,0,214,2
2019-06-01,GDN_Brand awaren_Galinburg_World_ and reach-Display-KV2,1961240827,mobile_app,VND,"121,836",10,1,0,0,0,288,1
2019-06-01,GDN_Cassandra-Display- KV3,1961254468,desktop,VND,"153,944",12358,137,118,117,0,239,1
2019-06-01,SEM-Cassandra-HR1,1980306223,mobile_app,VND,125148,8433,153,3475,138,0,260,0
2019-06-01,SEM_Cassandra-Brand #2,1917978903,desktop,VND,"195,815",4015,52,288,34,0,287,2
2019-06-01,SEM_Cassandra-World-headhunter,1970519510,mobile_app,VND,"143,825",4913,111,157,6,0,244,0
2019-06-01,SEM_Cassandra-World-recruiment,1971158871,desktop,VND,"112,000",7148,100,84,82,0,132,0
2019-06-01,SEM_Cassandra-Search-Bank,1918272637,mobile_app,VND,145311,6281,116,2579,105,0,258,1
2019-06-01,SEM_Cassandra-Search-World-Jobs,1917939744,desktop,VND,"147,031",3966,55,202,38,0,171,1
2019-06-01,SEM_Cassandra_FMCG,1980162614,mobile_app,VND,179764,8539,203,263,7,0,226,2
2019-06-01,SEM_Cassandra_Finance,1980857190,desktop,VND,161064,4013,53,50,50,0,283,2
2019-06-01,SEM_Cassandra_MKT1,1978660208,mobile_app,VND,104251,2552,39,1163,35,0,178,2
2019-06-01,SEM_Cassandra_Manufacture,1980780387,desktop,VND,117678,3929,37,170,30,0,171,1
2019-06-01,SEM_Cassandra_Retails,1980166496,mobile_app,VND,120560,1490,129,163,1,0,197,1
2019-06-02,GDN_Brand awaren_Galinburg_World_ and reach-Display-1,1917120641,desktop,VND,"106,731",3542,160,172,1,0,109,2
2019-06-02,GDN_Brand awaren_Galinburg_World_ and reach-Display-KV2,1961240827,mobile_app,VND,"171,331",4398,42,40,38,0,165,0
2019-06-02,GDN_Cassandra-Display- KV3,1961254468,desktop,VND,"180,021",3001,29,1289,28,0,226,2
2019-06-02,SEM-Cassandra-HR1,1980306223,mobile_app,VND,"197,539",3248,48,269,32,0,286,2
2019-06-02,SEM_Cassandra-Brand #2,1917978903,desktop,VND,"106,988",4903,149,147,2,0,263,2
2019-06-02,SEM_Cassandra-World-headhunter,1970519510,mobile_app,VND,155635,3105,88,81,1,0,260,1
2019-06-02,SEM_Cassandra-World-recruiment,1971158871,desktop,VND,109654,5094,53,50,50,0,104,2
2019-06-02,SEM_Cassandra-Search-Bank,1918272637,mobile_app,VND,102362,3374,43,1453,41,0,131,0
2019-06-02,SEM_Cassandra-Search-World-Jobs,1917939744,desktop,VND,"191,533",3162,36,144,24,0,140,2
2019-06-02,SEM_Cassandra_FMCG,1980162614,mobile_app,VND,170888,4519,160,162,2,0,171,2
2019-06-02,SEM_Cassandra_Finance,1980857190,desktop,VND,192550,13352,180,174,174,0,249,0
2019-06-02,SEM_Cassandra_MKT1,1978660208,mobile_app,VND,"113,963",10930,142,3946,136,0,288,2
2019-06-02,SEM_Cassandra_Manufacture,1980780387,desktop,VND,"140,339",1553,13,109,10,0,152,0
2019-06-02,SEM_Cassandra_Retails,1980166496,mobile_app,VND,173078,2669,143,186,2,0,100,2
2019-06-03,GDN_Brand awaren_Galinburg_World_ and reach-Display-1,1917120641,desktop,VND,"113,735",15097,154,150,150,0,195,0
2019-06-03,GDN_Brand awaren_Galinburg_World_ and reach-Display-KV2,1961240827,mobile_app,VND,"130,517",19829,173,7793,165,0,202,1
2019-06-03,GDN_Cassandra-Display- KV3,1961254468,desktop,VND,"124,516",1301,11,128,9,0,219,1
2019-06-03,SEM-Cassandra-HR1,1980306223,mobile_app,VND,"111,862",2550,49,152,5,0,241,1
2019-06-03,SEM_Cassandra-Brand #2,1917978903,desktop,VND,"172,554",17250,171,166,165,0,165,0
2019-06-03,SEM_Cassandra-World-headhunter,1970519510,mobile_app,VND,"166,343",4357,45,355,28,0,296,2
2019-06-03,SEM_Cassandra-World-recruiment,1971158871,desktop,VND,"153,233",12603,153,5743,145,0,294,1
2019-06-03,SEM_Cassandra-Search-Bank,1918272637,mobile_app,VND,162700,8287,131,147,5,0,107,1
2019-06-03,SEM_Cassandra-Search-World-Jobs,1917939744,desktop,VND,"136,635",18798,181,169,168,0,220,0
2019-06-03,SEM_Cassandra_FMCG,1980162614,mobile_app,VND,188522,7710,104,548,66,0,133,2
2019-06-03,SEM_Cassandra_Finance,1980857190,desktop,VND,"189,341",9218,146,4124,128,0,232,0
2019-06-03,SEM_Cassandra_MKT1,1978660208,mobile_app,VND,135663,7578,124,147,2,0,264,1
2019-06-03,SEM_Cassandra_Manufacture,1980780387,desktop,VND,"142,224",15989,165,155,155,0,112,2
2019-06-03,SEM_Cassandra_Retails,1980166496,mobile_app,VND,136120,7684,81,460,45,0,102,2
2019-06-04,GDN_Brand awaren_Galinburg_World_ and reach-Display-1,1917120641,desktop,VND,"193,300",11849,145,3998,127,0,109,0
2019-06-04,GDN_Brand awaren_Galinburg_World_ and reach-Display-KV2,1961240827,mobile_app,VND,"189,007",7379,148,161,4,0,280,2
2019-06-04,GDN_Cassandra-Display- KV3,1961254468,desktop,VND,"171,961",13993,168,165,165,0,200,1
2019-06-04,SEM-Cassandra-HR1,1980306223,mobile_app,VND,186074,7465,84,582,55,0,175,0
2019-06-04,SEM_Cassandra-Brand #2,1917978903,desktop,VND,"130,080",16459,171,5669,167,0,103,0
2019-06-04,SEM_Cassandra-World-headhunter,1970519510,mobile_app,VND,110824,1787,31,33,3,0,134,1
2019-06-04,SEM_Cassandra-World-recruiment,1971158871,desktop,VND,192922,10694,146,139,137,0,221,2
2019-06-04,SEM_Cassandra-Search-Bank,1918272637,mobile_app,VND,104127,8536,90,576,62,0,171,0
2019-06-04,SEM_Cassandra-Search-World-Jobs,1917939744,desktop,VND,"126,986",12793,139,4432,122,0,259,1
2019-06-04,SEM_Cassandra_FMCG,1980162614,mobile_app,VND,170510,10271,127,116,116,0,131,0
2019-06-04,SEM_Cassandra_Finance,1980857190,desktop,VND,"117,501",7738,96,492,62,0,229,1
2019-06-04,SEM_Cassandra_MKT1,1978660208,mobile_app,VND,"146,633",13238,163,4040,139,0,258,2
2019-06-04,SEM_Cassandra_Manufacture,1980780387,desktop,VND,"101,641",6168,96,84,83,0,156,0
2019-06-04,SEM_Cassandra_Retails,1980166496,mobile_app,VND,183236,3857,40,312,22,0,293,0
2019-06-05,GDN_Brand awaren_Galinburg_World_ and reach-Display-1,1917120641,desktop,VND,"157,601",11681,133,3134,121,0,236,0
2019-06-05,GDN_Brand awaren_Galinburg_World_ and reach-Display-KV2,1961240827,mobile_app,VND,"159,620",4090,68,68,66,0,174,1
2019-06-05,GDN_Cassandra-Display- KV3,1961254468,desktop,VND,"188,897",1939,23,239,18,0,168,1
2019-06-05,SEM-Cassandra-HR1,1980306223,mobile_app,VND,"175,295",9851,156,2584,140,0,262,2
2019-06-05,SEM_Cassandra-Brand #2,1917978903,desktop,VND,"178,669",3210,88,86,85,0,125,1
2019-06-05,SEM_Cassandra-World-headhunter,1970519510,mobile_app,VND,"155,195",2160,20,256,15,0,222,1
2019-06-05,SEM_Cassandra-World-recruiment,1971158871,desktop,VND,"182,977",6492,112,2136,98,0,140,1
2019-06-05,SEM_Cassandra-Search-Bank,1918272637,mobile_app,VND,"185,904",2444,36,1115,29,0,166,0
2019-06-05,SEM_Cassandra-Search-World-Jobs,1917939744,desktop,VND,"124,257",5179,93,94,94,0,291,0
2019-06-05,SEM_Cassandra_FMCG,1980162614,mobile_app,VND,"132,197",1282,10,571,10,0,130,2
2019-06-05,SEM_Cassandra_Finance,1980857190,desktop,VND,176943,2451,22,290,15,0,277,2
2019-06-05,SEM_Cassandra_MKT1,1978660208,mobile_app,VND,"191,948",4400,68,954,58,0,140,0
2019-06-05,SEM_Cassandra_Manufacture,1980780387,desktop,VND,174076,2414,61,1135,56,0,111,0
2019-06-05,SEM_Cassandra_Retails,1980166496,mobile_app,VND,147912,4420,80,75,73,0,228,0
2019-06-06,SEM-Cassandra-HR1,1980306223,desktop,VND,"125,358",4493,50,2669,48,0,202,2
2019-06-06,SEM_Cassandra-Brand #2,1917978903,mobile_app,VND,"196,138",2449,20,265,15,0,199,2
2019-06-06,SEM_Cassandra-World-headhunter,1970519510,desktop,VND,"118,907",4929,80,1155,67,0,169,2
2019-06-06,SEM_Cassandra-World-recruiment,1971158871,mobile_app,VND,"140,787",2003,32,1017,29,0,195,0
2019-06-06,SEM_Cassandra-Search-Bank,1918272637,desktop,VND,178061,4736,72,71,71,0,209,2
2019-06-06,SEM_Cassandra-Search-World-Jobs,1917939744,mobile_app,VND,"176,213",2943,53,1961,53,0,118,0
2019-06-06,SEM_Cassandra_FMCG,1980162614,desktop,VND,184302,2201,25,223,17,0,198,0
2019-06-06,SEM_Cassandra_Finance,1980857190,mobile_app,VND,"150,214",4769,66,866,56,0,141,1
2019-06-06,SEM_Cassandra_MKT1,1978660208,desktop,VND,132986,1249,46,1030,46,0,121,2
2019-06-06,SEM_Cassandra_Manufacture,1980780387,mobile_app,VND,"153,027",2158,65,64,64,0,206,0
2019-06-06,SEM_Cassandra_Retails,1980166496,desktop,VND,111627,1737,34,589,32,0,236,1
2019-06-07,GDN_Brand awaren_Galinburg_World_ and reach-Display-KV2,1961240827,mobile_app,VND,"178,811",1362,31,666,28,0,185,0
2019-06-07,GDN_Fox_Display_Display-KV1,1917129835,desktop,VND,"134,276",2356,28,247,12,0,123,2
2019-06-07,SEM-Cassandra-HR1,1980306223,mobile_app,VND,"198,783",4619,68,1085,59,0,110,1
2019-06-07,SEM_Cassandra-Brand #2,1917978903,desktop,VND,"109,827",1280,43,885,43,0,181,1
2019-06-07,SEM_Cassandra-World-headhunter,1970519510,mobile_app,VND,"195,054",2964,88,83,82,0,295,2
2019-06-07,SEM_Cassandra-World-recruiment,1971158871,desktop,VND,"198,192",4061,27,1111,26,0,194,1
2019-06-07,SEM_Cassandra-Search-Bank,1918272637,mobile_app,VND,173140,3614,78,1598,72,0,226,1
2019-06-07,SEM_Cassandra-Search-World-Jobs,1917939744,desktop,VND,"124,155",2534,22,775,17,0,296,2
2019-06-07,SEM_Cassandra_FMCG,1980162614,mobile_app,VND,179672,2523,23,235,16,0,204,2
2019-06-07,SEM_Cassandra_Finance,1980857190,desktop,VND,"183,864",4896,65,1143,56,0,136,2
2019-06-07,SEM_Cassandra_MKT1,1978660208,mobile_app,VND,144604,1137,80,1063,79,0,288,2
2019-06-07,SEM_Cassandra_Manufacture,1980780387,desktop,VND,"129,187",3412,56,52,52,0,226,1
2019-06-07,SEM_Cassandra_Retails,1980166496,mobile_app,VND,177932,2929,33,1251,28,0,116,1
2019-06-08,GDN_Brand awaren_Galinburg_World_ and reach-Display-KV2,1961240827,desktop,VND,"138,499",2777,32,338,25,0,190,1
2019-06-08,GDN_Fox_Display_Display-KV1,1917129835,mobile_app,VND,"127,292",1891,22,697,20,0,121,1
2019-06-08,SEM-Cassandra-HR1,1980306223,desktop,VND,"142,581",1392,20,150,18,0,256,0
2019-06-08,SEM_Cassandra-Brand #2,1917978903,mobile_app,VND,"131,724",2195,74,1538,73,0,150,1
2019-06-08,SEM_Cassandra-World-headhunter,1970519510,desktop,VND,"137,377",2277,49,50,50,0,186,1
2019-06-08,SEM_Cassandra-World-recruiment,1971158871,mobile_app,VND,"139,104",1107,14,500,10,0,101,2
2019-06-08,SEM_Cassandra-Search-Bank,1918272637,desktop,VND,173324,1799,8,350,5,0,252,0
2019-06-08,SEM_Cassandra-Search-World-Jobs,1917939744,mobile_app,VND,"130,337",948,9,387,8,0,135,0
2019-06-08,SEM_Cassandra_FMCG,1980162614,desktop,VND,"107,822",1060,25,715,25,0,278,1
2019-06-08,SEM_Cassandra_Finance,1980857190,mobile_app,VND,"166,312",3246,107,107,107,0,202,1
2019-06-08,SEM_Cassandra_MKT1,1978660208,desktop,VND,"163,632",2133,24,916,20,0,143,2
2019-06-08,SEM_Cassandra_Manufacture,1980780387,mobile_app,VND,"136,844",5700,69,3274,66,0,165,1
2019-06-08,SEM_Cassandra_Retails,1980166496,desktop,VND,173323,3088,49,1529,39,0,137,0
2019-06-09,GDN_Brand awaren_Galinburg_World_ and reach-Display-KV2,1961240827,mobile_app,VND,"101,700",2149,98,1700,97,0,293,0
2019-06-09,GDN_Fox_Display_Display-KV1,1917129835,desktop,VND,"157,187",1458,32,32,32,0,178,0
2019-06-09,SEM-Cassandra-HR1,1980306223,mobile_app,VND,"118,235",521,4,173,3,0,146,0
2019-06-09,SEM_Cassandra-Brand #2,1917978903,desktop,VND,"179,045",1761,25,1055,24,0,214,0
2019-06-09,SEM_Cassandra-World-headhunter,1970519510,mobile_app,VND,108664,659,8,300,6,0,214,2
2019-06-09,SEM_Cassandra-World-recruiment,1971158871,desktop,VND,"128,080",446,30,398,30,0,266,2
2019-06-09,SEM_Cassandra-Search-Bank,1918272637,mobile_app,VND,131748,1589,13,200,6,0,116,1
2019-06-09,SEM_Cassandra-Search-World-Jobs,1917939744,desktop,VND,"163,223",701,13,91,5,2,171,1
2019-06-09,SEM_Cassandra_FMCG,1980162614,mobile_app,VND,152024,452,7,86,4,0,103,1
2019-06-09,SEM_Cassandra_Finance,1980857190,desktop,VND,134576,792,10,100,4,0,157,0
2019-06-09,SEM_Cassandra_MKT1,1978660208,mobile_app,VND,"197,258",1669,8,173,3,0,144,2
2019-06-09,SEM_Cassandra_Manufacture,1980780387,desktop,VND,120263,1569,18,188,7,0,215,1
2019-06-09,SEM_Cassandra_Retails,1980166496,mobile_app,VND,127850,2842,30,150,17,1,271,0
2019-06-10,GDN_Brand awaren_Galinburg_World_ and reach-Display-KV2,1961240827,desktop,VND,"119,776",848,13,124,5,2,156,1
2019-06-10,GDN_Fox_Display_Display-KV1,1917129835,mobile_app,VND,"116,213",1663,16,180,9,0,261,0
2019-06-10,SEM-Cassandra-HR1,1980306223,desktop,VND,160851,2661,52,513,22,4,179,0
2019-06-10,SEM_Cassandra-Brand #2,1917978903,mobile_app,VND,"119,203",5650,71,163,30,8,240,1
2019-06-10,SEM_Cassandra-World-headhunter,1970519510,desktop,VND,"167,242",831,20,143,7,2,154,0
2019-06-10,SEM_Cassandra-World-recruiment,1971158871,mobile_app,VND,181228,404,1,37,2,0,120,0
2019-06-10,SEM_Cassandra-Search-Bank,1918272637,desktop,VND,111958,1446,31,318,8,1,108,1
2019-06-10,SEM_Cassandra-Search-World-Jobs,1917939744,mobile_app,VND,"102,441",4012,71,123,29,5,169,0
2019-06-10,SEM_Cassandra_Finance,1980857190,desktop,VND,133831,830,10,132,4,0,191,1
2019-06-10,SEM_Cassandra_MKT1,1978660208,mobile_app,VND,157317,336,17,88,3,1,289,1
2019-06-10,SEM_Cassandra_Manufacture,1980780387,desktop,VND,"115,397",4423,69,175,23,7,300,1
2019-06-10,SEM_Cassandra_Retails,1980166496,mobile_app,VND,129640,383,3,58,3,0,113,1
2019-06-11,SEM_Cassandra-Brand #2,1917978903,desktop,VND,"124,278",272,5,64,2,0,294,2
2019-06-11,SEM_Cassandra-Search-World-Jobs,1917939744,mobile_app,VND,"105,658",4838,78,219,29,7,218,0
2019-06-12,SEM_Cassandra-Brand #2,1917978903,desktop,VND,"177,347",5280,52,187,17,5,265,1
2019-06-12,SEM_Cassandra-Search-World-Jobs,1917939744,mobile_app,VND,"116,676",5578,65,196,32,4,174,0
2019-06-13,SEM_Cassandra-Brand #2,1917978903,desktop,VND,"142,458",5711,83,189,28,10,232,2
2019-06-13,SEM_Cassandra-Search-World-Jobs,1917939744,mobile_app,VND,"163,859",19810,23,14,0,0,196,1
2019-06-14,SEM_Cassandra-Brand #2,1917978903,mobile_web,VND,"193,335",5611,73,173,34,5,219,0
2019-06-14,SEM_Cassandra-Search-World-Jobs,1917939744,desktop,VND,"173,634",216,30,41,0,0,196,2
2019-06-15,SEM_Cassandra-Brand #2,1917978903,mobile_app,VND,"152,800",30452,46,32,4,0,236,0
2019-06-15,SEM_Cassandra-Search-World-Jobs,1917939744,mobile_web,VND,"192,877",6169,97,214,40,15,239,1
2019-06-16,SEM_Cassandra-Brand #2,1917978903,desktop,VND,"123,193",984,106,130,1,0,216,0
2019-06-16,SEM_Cassandra-Search-World-Jobs,1917939744,mobile_app,VND,"124,476",28770,44,33,0,0,202,2
2019-06-17,SEM_Cassandra-Brand #2,1917978903,mobile_web,VND,"111,998",5958,73,218,27,10,267,1
2019-06-17,SEM_Cassandra-Search-World-Jobs,1917939744,mobile_app,VND,"150,085",1310,106,117,3,0,284,1
2019-06-18,SEM_Cassandra-Brand #2,1917978903,mobile_web,VND,"118,745",28050,36,31,0,0,268,2
2019-06-18,SEM_Cassandra-Search-World-Jobs,1917939744,mobile_app,VND,"176,270",5318,66,226,30,3,136,1
2019-06-19,SEM_Cassandra-Brand #2,1917978903,mobile_web,VND,"185,934",1952,95,105,0,0,102,1
2019-06-19,SEM_Cassandra-Search-World-Jobs,1917939744,mobile_app,VND,"150,391",26499,47,31,2,0,123,0
2019-06-20,SEM_Cassandra-Brand #2,1917978903,mobile_web,VND,"113,349",6251,79,201,33,9,170,1
2019-06-20,SEM_Cassandra-Search-World-Jobs,1917939744,mobile_app,VND,"114,794",1614,48,58,0,0,194,0
2019-06-21,SEM_Cassandra-Brand #2,1917978903,mobile_web,VND,"149,634",17798,14,9,0,0,112,0
2019-06-21,SEM_Cassandra-Search-World-Jobs,1917939744,mobile_app,VND,"132,878",5574,66,191,28,4,226,2
2019-06-22,SEM_Cassandra-Brand #2,1917978903,mobile_web,VND,"166,871",3347,43,126,16,3,243,2
2019-06-22,SEM_Cassandra-Search-World-Jobs,1917939744,mobile_app,VND,"122,948",6264,68,183,30,9,144,1
2019-06-23,SEM_Cassandra-Brand #2,1917978903,mobile_web,VND,"179,141",3586,0,3140,0,0,120,2
2019-06-23,SEM_Cassandra-Search-World-Jobs,1917939744,mobile_app,VND,"159,176",1794,0,1597,0,0,262,0
2019-06-24,SEM_Cassandra-Brand #2,1917978903,desktop,VND,"122,265",5433,81,197,32,5,219,1
2019-06-24,SEM_Cassandra-Search-World-Jobs,1917939744,mobile_app,VND,"141,174",11840,0,10292,0,0,113,0
2019-06-25,SEM_Cassandra-Brand #2,1917978903,mobile_web,VND,"183,314",5825,0,5213,0,0,248,0
2019-06-25,SEM_Cassandra-Search-World-Jobs,1917939744,mobile_app,VND,"131,526",4991,70,174,24,10,211,1
2019-06-26,SEM_Cassandra-Brand #2,1917978903,mobile_app,VND,"170,671",10466,0,9194,0,0,284,2
2019-06-26,SEM_Cassandra-Search-World-Jobs,1917939744,mobile_app,VND,"114,946",5324,0,4711,0,0,221,1
2019-06-27,SEM_Cassandra-Brand #2,1917978903,mobile_app,VND,"190,872",5738,86,207,34,7,188,0
2019-06-27,SEM_Cassandra-Search-World-Jobs,1917939744,mobile_app,VND,"133,482",876,32,153,9,0,172,1
2019-06-28,SEM_Cassandra-Brand #2,1917978903,mobile_web,VND,"140,768",13311,0,11617,0,0,140,0
2019-06-28,SEM_Cassandra-Search-World-Jobs,1917939744,mobile_app,VND,"103,417",6672,0,5962,0,0,247,2
2019-06-29,SEM_Cassandra-Brand #2,1917978903,mobile_web,VND,"103,402",6867,86,194,34,8,138,2
2019-06-29,SEM_Cassandra-Search-World-Jobs,1917939744,mobile_app,VND,"164,245",1797,38,543,12,0,200,0
2019-06-30,Phase 2: LA Bee One (BRANDED KEYWORDS),2049561051,mobile_web,VND,"125,124",953,10,31,8,0,225,2
2019-06-30,SEM_Cassandra-Brand #2,1917978903,mobile_app,VND,"155,415",14414,0,12640,0,0,220,0
2019-06-30,SEM_Cassandra-Search-World-Jobs,1917939744,mobile_web,VND,"148,588",7311,0,6525,0,0,247,2
2019-07-01,Phase 2: LA Bee One (BRANDED KEYWORDS),2049561051,mobile_app,VND,"158,829",2559,63,27,21,6,116,1
2019-07-02,Phase 2: LA Bee One (BRANDED KEYWORDS),2049561051,mobile_web,VND,131346,7265,93,217,31,8,112,1
2019-07-05,Phase 2: LA Bee One (BRANDED KEYWORDS),2049561051,mobile_app,VND,"194,250",3076,31,513,9,0,151,1
2019-07-06,Phase 2: LA Bee One (BRANDED KEYWORDS),2049561051,mobile_web,VND,"119,571",4276,13,1737,0,0,232,1
2019-07-07,Phase 2: LA Bee One (BRANDED KEYWORDS),2049561051,mobile_app,VND,"160,555",3533,36,132,24,0,203,1
2019-07-08,Phase 2: LA Bee One (BRANDED KEYWORDS),2049561051,mobile_web,VND,"199,074",4013,0,3584,0,0,273,0
2019-07-09,Phase 2: LA Bee One (BRANDED KEYWORDS),2049561051,mobile_app,VND,"191,181",2215,0,2001,0,0,222,1
2019-07-10,Phase 2: LA Bee One (BRANDED KEYWORDS),2049561051,mobile_app,VND,"166,154",3981,109,33,30,9,167,0
2019-07-11,Phase 2: LA Bee One (BRANDED KEYWORDS),2049561051,mobile_web,VND,"139,824",6235,85,167,40,8,271,2
2019-07-12,Phase 2: LA Bee One (BRANDED KEYWORDS),2049561051,mobile_app,VND,"155,226",3610,107,113,1,0,126,2
2019-07-13,Phase 2: LA Bee One (BRANDED KEYWORDS),2049561051,mobile_web,VND,"148,864",874,4,117,2,0,228,2
2019-07-14,Phase 2: LA Bee One (BRANDED KEYWORDS),2049561051,mobile_app,VND,"111,446",6222,21,2363,0,0,267,2
2019-07-15,Phase 2: LA Bee One (BRANDED KEYWORDS),2049561051,mobile_web,VND,"133,692",1321,15,65,10,0,115,0
2019-07-16,Phase 2: LA Bee One (BRANDED KEYWORDS),2049561051,mobile_app,VND,"189,344",2911,90,377,13,1,106,0
2019-07-17,Phase 2: LA Bee One (BRANDED KEYWORDS),2049561051,mobile_app,VND,"160,765",4116,104,37,33,3,121,0
2019-07-18,Phase 2: LA Bee One (BRANDED KEYWORDS),2049561051,mobile_app,VND,"103,614",5676,62,141,26,4,102,2
2019-07-19,Phase 2: LA Bee One (BRANDED KEYWORDS),2049561051,mobile_app,VND,"114,437",4215,106,107,0,0,130,1
2019-07-20,Phase 2: LA Bee One (BRANDED KEYWORDS),2049561051,mobile_app,VND,"118,493",4992,13,1806,0,0,116,1
2019-07-21,Phase 2: LA Bee One (BRANDED KEYWORDS),2049561051,mobile_app,VND,"160,254",2186,74,293,18,3,164,0
2019-07-22,Phase 2: LA Bee One (BRANDED KEYWORDS),2049561051,mobile_app,VND,"176,523",3605,87,26,22,6,193,2
2019-07-23,Phase 2: LA Bee One (BRANDED KEYWORDS),2049561051,mobile_app,VND,"182,163",6281,40,140,16,0,119,2
2019-07-24,Phase 2: LA Bee One (BRANDED KEYWORDS),2049561051,mobile_app,VND,"176,929",2125,50,55,1,0,162,0
2019-07-25,Phase 2: LA Bee One (BRANDED KEYWORDS),2049561051,mobile_web,VND,"123,992",1814,5,678,0,0,188,2
2019-07-26,Phase 2: LA Bee One (BRANDED KEYWORDS),2049561051,mobile_app,VND,"185,380",380,9,65,2,0,160,1
2019-07-27,Phase 2: LA Bee One (BRANDED KEYWORDS),2049561051,mobile_web,VND,"116,377",2661,76,17,14,7,269,2
2019-07-28,Phase 2: LA Bee One (BRANDED KEYWORDS),2049561051,mobile_app,VND,"109,526",5802,70,174,30,6,100,1
2019-07-29,Phase 2: LA Bee One (BRANDED KEYWORDS),2049561051,mobile_web,VND,"148,206",161,0,16,0,0,114,0
2019-07-30,Phase 2: LA Bee One (BRANDED KEYWORDS),2049561051,mobile_app,VND,"103,870",2911,80,21,17,6,239,2
2019-07-31,Phase 2: LA Bee One (BRANDED KEYWORDS),2049561051,mobile_web,VND,"114,602",5543,103,157,37,8,293,2
2019-08-01,Phase 2: LA Bee One (BRANDED KEYWORDS),2049561051,mobile_app,VND,"170,003",107,5,21,2,0,103,1
2019-08-04,Phase 2: LA Bee One (BRANDED KEYWORDS),2049561051,mobile_web,VND,"173,597",3088,61,21,18,3,209,2
2019-08-05,Phase 2: LA Bee One (BRANDED KEYWORDS),2049561051,mobile_app,VND,"117,832",5518,85,198,33,8,214,1
2019-08-06,Phase 2: LA Bee One (BRANDED KEYWORDS),2049561051,mobile_web,VND,"192,215",230,2,25,0,0,218,1
2019-08-07,Phase 2: LA Bee One (BRANDED KEYWORDS),2049561051,mobile_app,VND,"125,020",13609,172,726,125,0,243,2
2019-08-08,Phase 2: LA Bee One (BRANDED KEYWORDS),2049561051,mobile_web,VND,"194,860",2076,54,264,11,1,175,1
2019-08-09,Phase 2: LA Bee One (BRANDED KEYWORDS),2049561051,mobile_app,VND,"127,148",2888,69,27,22,3,119,1
2019-08-10,Phase 2: LA Bee One (BRANDED KEYWORDS),2049561051,mobile_web,VND,"117,069",6033,80,214,33,7,119,0
2019-08-11,Phase 2: LA Bee One (BRANDED KEYWORDS),2049561051,desktop,VND,"143,505",234,6,37,1,0,130,0
2019-08-12,Phase 2: LA Bee One (BRANDED KEYWORDS),2049561051,mobile_app,VND,"154,200",15489,208,821,157,0,285,2
2019-08-13,Phase 2: LA Bee One (BRANDED KEYWORDS),2049561051,desktop,VND,"172,368",19754,338,1244,244,0,212,0
2019-08-14,Phase 2: LA Bee One (BRANDED KEYWORDS),2049561051,mobile_app,VND,"104,883",767,14,101,4,0,104,0
2019-08-15,Phase 2: LA Bee One (BRANDED KEYWORDS),2049561051,mobile_web,VND,"106,841",2369,67,20,18,4,232,1
2019-08-16,Phase 2: LA Bee One (BRANDED KEYWORDS),2049561051,desktop,VND,"184,702",3509,37,82,20,1,120,1
2019-08-17,Phase 2: LA Bee One (BRANDED KEYWORDS),2049561051,mobile_app,VND,"135,422",15348,278,661,220,0,221,1
2019-08-18,Phase 2: LA Bee One (BRANDED KEYWORDS),2049561051,mobile_web,VND,"106,918",14783,281,853,211,0,267,1
2019-08-19,Phase 2: LA Bee One (BRANDED KEYWORDS),2049561051,desktop,VND,"110,095",3263,42,13,9,1,232,1
2019-08-20,Phase 2: LA Bee One (BRANDED KEYWORDS),2049561051,mobile_app,VND,"139,060",4659,49,26,20,5,170,2
2019-08-21,Phase 2: LA Bee One (BRANDED KEYWORDS),2049561051,mobile_web,VND,"124,883",23600,370,895,285,0,123,2
2019-08-22,Phase 2: LA Bee One (BRANDED KEYWORDS),2049561051,desktop,VND,"180,211",24236,412,1078,288,0,101,1
2019-08-23,Phase 2: LA Bee One (BRANDED KEYWORDS),2049561051,mobile_app,VND,"137,009",988,14,3,3,0,201,1
2019-08-24,Phase 2: LA Bee One (BRANDED KEYWORDS),2049561051,mobile_web,VND,"111,921",4108,52,29,21,3,246,1
2019-08-25,Phase 2: LA Bee One (BRANDED KEYWORDS),2049561051,desktop,VND,"145,334",22843,444,880,347,0,267,2
2019-08-26,Phase 2: LA Bee One (BRANDED KEYWORDS),2049561051,mobile_app,VND,"142,392",21699,441,1018,352,0,198,2
2019-08-27,Phase 2: LA Bee One (BRANDED KEYWORDS),2049561051,mobile_web,VND,"182,222",3539,37,19,15,3,135,2
2019-08-28,Phase 2: LA Bee One (BRANDED KEYWORDS),2049561051,desktop,VND,"139,985",23807,426,1031,338,0,139,1
2019-08-29,Phase 2: LA Bee One (BRANDED KEYWORDS),2049561051,mobile_app,VND,"167,742",21961,450,1219,347,0,147,1
2019-08-30,Phase 2: LA Bee One (BRANDED KEYWORDS),2049561051,mobile_web,VND,"178,105",3782,51,30,24,2,230,2
2019-08-31,Phase 2: LA Bee One (BRANDED KEYWORDS),2049561051,desktop,VND,"163,044",23850,436,1070,334,0,257,0
2019-09-01,Phase 2: LA Bee One (BRANDED KEYWORDS),2049561051,mobile_app,VND,"142,978",26887,401,1235,307,0,204,1
2019-09-02,Phase 2: LA Bee One (BRANDED KEYWORDS),2049561051,desktop,VND,"163,108",3545,41,21,17,4,192,0
2019-09-03,Phase 2: LA Bee One (BRANDED KEYWORDS),2049561051,mobile_app,VND,"182,070",25692,433,1089,345,0,298,1
2019-09-04,Phase 2: LA Bee One (BRANDED KEYWORDS),2049561051,desktop,VND,"110,065",20108,420,1151,331,0,158,1
2019-09-05,Phase 2: LA Bee One (BRANDED KEYWORDS),2049561051,mobile_app,VND,"150,793",474,77,92,0,0,171,0
2019-09-06,Phase 2: LA Bee One (BRANDED KEYWORDS),2049561051,desktop,VND,"135,211",25116,227,172,170,0,255,1
2019-09-07,Phase 2: LA Bee One (BRANDED KEYWORDS),2049561051,mobile_app,VND,"195,055",4065,65,26,22,4,274,1
2019-09-08,Phase 2: LA Bee One (BRANDED KEYWORDS),2049561051,mobile_web,VND,"150,964",18511,398,882,309,0,163,2
2019-09-09,Phase 2: LA Bee One (BRANDED KEYWORDS),2049561051,desktop,VND,"147,297",22649,412,956,305,0,153,2
2019-09-10,Phase 2: LA Bee One (BRANDED KEYWORDS),2049561051,mobile_app,VND,"189,929",1151,157,167,0,0,224,0
2019-09-11,Phase 2: LA Bee One (BRANDED KEYWORDS),2049561051,desktop,VND,"113,323",50173,314,225,223,0,187,2
2019-09-12,Phase 2: LA Bee One (BRANDED KEYWORDS),2049561051,mobile_app,VND,"105,152",26583,142,106,105,0,213,2
2019-09-13,Phase 2: LA Bee One (BRANDED KEYWORDS),2049561051,desktop,VND,"149,715",1242,12,5,3,1,122,0
2019-09-14,Phase 2: LA Bee One (BRANDED KEYWORDS),2049561051,mobile_app,VND,"108,401",8681,129,244,92,0,169,2
2019-09-15,Phase 2: LA Bee One (BRANDED KEYWORDS),2049561051,desktop,VND,"129,569",6687,113,317,82,0,235,2
2019-09-16,Phase 2: LA Bee One (BRANDED KEYWORDS),2049561051,mobile_app,VND,"188,186",501,58,62,0,0,148,0
2019-09-17,Phase 2: LA Bee One (BRANDED KEYWORDS),2049561051,desktop,VND,"133,985",13446,128,101,101,0,232,1
2019-09-18,Phase 2: LA Bee One (BRANDED KEYWORDS),2049561051,mobile_app,VND,"149,200",6846,51,34,34,0,208,0
2019-09-19,Phase 2: LA Bee One (BRANDED KEYWORDS),2049561051,desktop,VND,"193,908",4495,64,36,27,4,187,1
2019-10-28,Phase 2: LA Bee One (BRANDED KEYWORDS),2049561051,mobile_app,VND,"184,370",6544,104,222,78,0,271,1
2019-10-29,Phase 2: LA Bee One (BRANDED KEYWORDS),2049561051,desktop,VND,"111,132",1446,16,37,6,0,192,0
2019-10-30,Phase 2: LA Bee One (BRANDED KEYWORDS),2049561051,mobile_app,VND,"190,726",3767,189,183,0,0,161,2
2019-10-31,Phase 2: LA Bee One (BRANDED KEYWORDS),2049561051,desktop,VND,"167,209",7197,94,70,68,0,206,0
2019-11-01,Phase 2: LA Bee One (BRANDED KEYWORDS),2049561051,mobile_app,VND,"183,602",328,0,0,0,0,265,0
2019-11-02,Phase 2: LA Bee One (BRANDED KEYWORDS),2049561051,desktop,VND,"157,432",17936,160,129,127,0,163,2
2019-11-04,Phase 2: LA Bee One (BRANDED KEYWORDS),2049561051,mobile_app,VND,"139,196",5662,12,5144,12,0,280,0
2019-11-05,Phase 2: LA Bee One (BRANDED KEYWORDS),2049561051,desktop,VND,"175,835",2740,31,20,15,3,123,2
2019-11-06,Phase 2: LA Bee One (BRANDED KEYWORDS),2049561051,mobile_app,VND,"194,166",1407,43,111,35,0,245,0
2019-11-07,Phase 2: LA Bee One (BRANDED KEYWORDS),2049561051,desktop,VND,"102,033",4476,194,180,1,0,252,2
2019-11-08,Phase 2: LA Bee One (BRANDED KEYWORDS),2049561051,mobile_app,VND,"169,879",2839,49,36,36,0,279,0
2019-11-08,Phase 2: LA Bee One (BRANDED KEYWORDS),2049561051,desktop,VND,"166,837",9887,98,72,71,0,165,1
2019-06-25,TNL|SEM|Wolf1705|Phrase|2019,2038503555,mobile_app,VND,137102,9918,9,8961,9,0,185,1
2019-06-26,TNL|SEM|Wolf1705|Phrase|2019,2038503555,desktop,VND,179720,4456,102,487,85,0,298,2
2019-06-27,TNL|SEM|Wolf1705|Phrase|2019,2038503555,mobile_app,VND,139633,4798,193,180,2,0,206,2
2019-06-28,TNL|SEM|Wolf1705|Phrase|2019,2038503555,mobile_web,VND,105669,9685,16,8703,16,0,122,1
2019-06-29,TNL|SEM|Wolf1705|Phrase|2019,2038503555,desktop,VND,199700,5330,145,614,129,0,277,2
2019-06-30,TNL|SEM|Wolf1705|Phrase|2019,2038503555,mobile_app,VND,163588,4967,172,162,0,0,229,2
2019-01-07,TNL|SEM|Wolf1705|Phrase|2019,2038503555,mobile_web,VND,107366,10389,27,9396,27,0,256,2
2019-02-07,TNL|SEM|Wolf1705|Phrase|2019,2038503555,desktop,VND,154744,8955,154,860,126,0,296,0
2019-07-03,TNL|SEM|Wolf1705|Phrase|2019,2038503555,mobile_app,VND,175789,811,123,162,0,0,159,2
2019-07-04,TNL|SEM|Wolf1705|Phrase|2019,2038503555,mobile_web,VND,102711,227,10,10,0,0,216,2
2019-07-05,TNL|SEM|Wolf1705|Phrase|2019,2038503555,desktop,VND,125657,9787,22,8875,22,0,209,0
2019-07-06,TNL|SEM|Wolf1705|Phrase|2019,2038503555,mobile_app,VND,120388,7412,161,968,132,0,290,1
2019-07-07,TNL|SEM|Wolf1705|Phrase|2019,2038503555,mobile_web,VND,148704,1345,209,246,2,0,108,0
2019-07-08,TNL|SEM|Wolf1705|Phrase|2019,2038503555,mobile_app,VND,103219,9140,26,8269,26,0,228,1
2019-07-09,TNL|SEM|Wolf1705|Phrase|2019,2038503555,mobile_web,VND,121595,6050,135,841,109,0,247,1
2019-07-10,TNL|SEM|Wolf1705|Phrase|2019,2038503555,desktop,VND,158279,10097,6,9237,6,0,222,0
2019-07-11,TNL|SEM|Wolf1705|Phrase|2019,2038503555,mobile_app,VND,179175,5710,127,517,114,0,115,1
2019-07-12,TNL|SEM|Wolf1705|Phrase|2019,2038503555,mobile_web,VND,107709,3543,6,3263,6,0,288,1
2019-07-13,TNL|SEM|Wolf1705|Phrase|2019,2038503555,desktop,VND,167790,1366,158,225,4,0,288,1
2019-07-14,TNL|SEM|Wolf1705|Phrase|2019,2038503555,mobile_app,VND,182942,9465,65,56,55,0,234,1
2019-07-15,TNL|SEM|Wolf1705|Phrase|2019,2038503555,mobile_web,VND,144825,3997,119,605,104,0,218,2
2019-07-16,TNL|SEM|Wolf1705|Phrase|2019,2038503555,desktop,VND,147580,5330,65,34,28,3,282,2
2019-07-17,TNL|SEM|Wolf1705|Phrase|2019,2038503555,mobile_app,VND,155541,2002,150,185,1,0,130,2
2019-07-18,TNL|SEM|Wolf1705|Phrase|2019,2038503555,mobile_web,VND,135626,13200,124,92,89,0,254,0
2019-07-19,TNL|SEM|Wolf1705|Phrase|2019,2038503555,desktop,VND,140611,9141,111,772,94,0,124,0
2019-07-20,TNL|SEM|Wolf1705|Phrase|2019,2038503555,mobile_app,VND,165584,4185,44,21,20,1,209,0
2019-07-21,TNL|SEM|Wolf1705|Phrase|2019,2038503555,mobile_web,VND,121321,3196,196,233,0,0,163,2
2019-07-22,TNL|SEM|Wolf1705|Phrase|2019,2038503555,desktop,VND,126664,10795,116,89,87,0,211,0
2019-07-23,TNL|SEM|Wolf1705|Phrase|2019,2038503555,mobile_app,VND,190207,3807,120,660,104,0,289,1
2019-07-24,TNL|SEM|Wolf1705|Phrase|2019,2038503555,mobile_web,VND,131805,3897,48,22,20,4,300,1
2019-07-25,TNL|SEM|Wolf1705|Phrase|2019,2038503555,mobile_app,VND,145003,3816,202,222,2,0,206,0
2019-07-26,TNL|SEM|Wolf1705|Phrase|2019,2038503555,mobile_web,VND,183377,10839,142,114,109,0,159,0
2019-07-27,TNL|SEM|Wolf1705|Phrase|2019,2038503555,mobile_app,VND,137220,4576,122,1015,105,0,122,1
2019-07-28,TNL|SEM|Wolf1705|Phrase|2019,2038503555,mobile_web,VND,105259,5400,92,41,38,13,212,2
2019-07-29,TNL|SEM|Wolf1705|Phrase|2019,2038503555,mobile_app,VND,133683,7065,166,187,0,0,149,2
2019-07-30,TNL|SEM|Wolf1705|Phrase|2019,2038503555,mobile_web,VND,102656,15937,102,78,78,0,164,1
2019-07-31,TNL|SEM|Wolf1705|Phrase|2019,2038503555,mobile_app,VND,182089,5203,114,907,76,0,211,1
2019-08-01,TNL|SEM|Wolf1705|Phrase|2019,2038503555,mobile_web,VND,125446,10103,142,56,54,14,224,1
2019-08-02,TNL|SEM|Wolf1705|Phrase|2019,2038503555,mobile_app,VND,128472,7745,234,248,1,0,159,1
2019-08-03,TNL|SEM|Wolf1705|Phrase|2019,2038503555,mobile_web,VND,128523,12895,133,76,69,0,233,0
2019-08-05,TNL|SEM|Wolf1705|Phrase|2019,2038503555,mobile_app,VND,105594,2659,79,328,64,0,204,2
2019-08-07,TNL|SEM|Wolf1705|Phrase|2019,2038503555,mobile_web,VND,153440,8990,121,57,45,4,286,2
2019-08-08,TNL|SEM|Wolf1705|Phrase|2019,2038503555,desktop,VND,123311,7093,209,211,5,0,176,0
2019-08-09,TNL|SEM|Wolf1705|Phrase|2019,2038503555,mobile_app,VND,149310,12929,141,84,77,0,126,1
2019-08-10,TNL|SEM|Wolf1705|Phrase|2019,2038503555,mobile_web,VND,173173,2144,78,341,65,0,268,2
2019-08-11,TNL|SEM|Wolf1705|Phrase|2019,2038503555,desktop,VND,120470,7450,109,46,35,8,256,0
2019-08-12,TNL|SEM|Wolf1705|Phrase|2019,2038503555,mobile_app,VND,164618,6387,219,215,1,0,188,0
2019-08-13,TNL|SEM|Wolf1705|Phrase|2019,2038503555,mobile_web,VND,136531,15870,127,93,90,0,279,2
2019-08-14,TNL|SEM|Wolf1705|Phrase|2019,2038503555,desktop,VND,145529,2630,72,350,68,0,280,2
2019-08-15,TNL|SEM|Wolf1705|Phrase|2019,2038503555,mobile_app,VND,183477,6881,85,39,32,3,177,1
2019-08-16,TNL|SEM|Wolf1705|Phrase|2019,2038503555,mobile_web,VND,108517,317,28,36,1,0,180,1
2019-08-17,TNL|SEM|Wolf1705|Phrase|2019,2038503555,desktop,VND,128084,7678,182,174,3,0,162,2
2019-08-18,TNL|SEM|Wolf1705|Phrase|2019,2038503555,mobile_app,VND,130540,15315,168,142,140,0,213,1
2019-08-19,TNL|SEM|Wolf1705|Phrase|2019,2038503555,mobile_web,VND,131712,2207,74,302,67,0,247,0
2019-08-20,TNL|SEM|Wolf1705|Phrase|2019,2038503555,desktop,VND,148419,6456,100,45,38,7,289,0
2019-08-21,TNL|SEM|Wolf1705|Phrase|2019,2038503555,mobile_app,VND,192119,1629,50,56,0,0,202,1
2019-08-22,TNL|SEM|Wolf1705|Phrase|2019,2038503555,mobile_web,VND,199056,16118,201,177,174,0,110,1
2019-08-23,TNL|SEM|Wolf1705|Phrase|2019,2038503555,desktop,VND,136262,2299,84,346,71,0,229,2
2019-08-24,TNL|SEM|Wolf1705|Phrase|2019,2038503555,mobile_app,VND,189876,6725,96,36,28,7,173,1
2019-08-25,TNL|SEM|Wolf1705|Phrase|2019,2038503555,mobile_web,VND,194700,531,40,42,0,0,222,1
2019-08-26,TNL|SEM|Wolf1705|Phrase|2019,2038503555,desktop,VND,152866,22717,185,178,178,0,190,0
2019-08-27,TNL|SEM|Wolf1705|Phrase|2019,2038503555,mobile_app,VND,185188,2601,95,351,80,0,247,0
2019-08-28,TNL|SEM|Wolf1705|Phrase|2019,2038503555,mobile_web,VND,141942,7228,90,38,32,10,290,1
2019-08-29,TNL|SEM|Wolf1705|Phrase|2019,2038503555,desktop,VND,134388,162,5,6,0,0,100,0
2019-08-30,TNL|SEM|Wolf1705|Phrase|2019,2038503555,mobile_app,VND,177038,18238,220,213,211,0,216,1
2019-08-31,TNL|SEM|Wolf1705|Phrase|2019,2038503555,mobile_web,VND,101044,3917,124,479,89,0,121,2
2019-09-01,TNL|SEM|Wolf1705|Phrase|2019,2038503555,desktop,VND,114654,7989,112,42,35,10,116,1
2019-09-02,TNL|SEM|Wolf1705|Phrase|2019,2038503555,mobile_app,VND,199865,90,1,1,0,0,181,1
2019-09-03,TNL|SEM|Wolf1705|Phrase|2019,2038503555,mobile_web,VND,130711,20773,224,220,218,0,104,1
2019-09-04,TNL|SEM|Wolf1705|Phrase|2019,2038503555,desktop,VND,194626,5237,142,521,112,0,180,1
2019-09-05,TNL|SEM|Wolf1705|Phrase|2019,2038503555,mobile_app,VND,160800,2764,17,1540,9,0,111,2
2019-09-06,TNL|SEM|Wolf1705|Phrase|2019,2038503555,mobile_web,VND,152952,2455,30,195,22,0,258,2
2019-09-07,TNL|SEM|Wolf1705|Phrase|2019,2038503555,mobile_app,VND,130600,8131,112,55,45,9,167,0
2019-09-08,TNL|SEM|Wolf1705|Phrase|2019,2038503555,mobile_web,VND,169044,87,1,1,0,0,260,1
2019-09-09,TNL|SEM|Wolf1705|Phrase|2019,2038503555,mobile_app,VND,176795,20202,218,210,207,0,197,2
2019-09-10,TNL|SEM|Wolf1705|Phrase|2019,2038503555,mobile_web,VND,138708,5769,145,505,126,0,133,0
2019-09-11,TNL|SEM|Wolf1705|Phrase|2019,2038503555,mobile_app,VND,159654,14680,60,10670,44,0,292,1
2019-09-12,TNL|SEM|Wolf1705|Phrase|2019,2038503555,mobile_web,VND,151649,6793,193,885,163,0,139,1
2019-09-13,TNL|SEM|Wolf1705|Phrase|2019,2038503555,mobile_app,VND,182283,7565,90,37,28,3,176,2
2019-09-14,TNL|SEM|Wolf1705|Phrase|2019,2038503555,mobile_web,VND,176687,142,2,1,0,0,239,2
2019-09-15,TNL|SEM|Wolf1705|Phrase|2019,2038503555,mobile_app,VND,189651,25717,181,175,174,0,264,2
2019-09-16,TNL|SEM|Wolf1705|Phrase|2019,2038503555,mobile_web,VND,197778,5178,148,552,122,0,201,2
2019-09-17,TNL|SEM|Wolf1705|Phrase|2019,2038503555,mobile_app,VND,130961,13001,50,11668,49,0,156,0
2019-09-18,TNL|SEM|Wolf1705|Phrase|2019,2038503555,mobile_web,VND,193029,5829,161,797,130,0,110,0
2019-09-19,TNL|SEM|Wolf1705|Phrase|2019,2038503555,mobile_app,VND,141023,7078,79,38,28,8,198,1
2019-09-20,TNL|SEM|Wolf1705|Phrase|2019,2038503555,mobile_web,VND,179961,148,2,2,0,0,197,2
2019-09-21,TNL|SEM|Wolf1705|Phrase|2019,2038503555,mobile_app,VND,166203,55010,315,300,299,0,119,0
2019-09-22,TNL|SEM|Wolf1705|Phrase|2019,2038503555,mobile_web,VND,111767,2635,80,26,23,1,178,2
2019-09-23,TNL|SEM|Wolf1705|Phrase|2019,2038503555,mobile_app,VND,115762,5937,125,607,91,0,200,0
2019-09-24,TNL|SEM|Wolf1705|Phrase|2019,2038503555,mobile_web,VND,148967,14091,34,12649,34,0,134,2
2019-09-25,TNL|SEM|Wolf1705|Phrase|2019,2038503555,mobile_app,VND,124174,14141,304,1485,226,0,139,1
2019-09-26,TNL|SEM|Wolf1705|Phrase|2019,2038503555,mobile_web,VND,135509,6273,98,46,36,7,213,1
2019-09-27,TNL|SEM|Wolf1705|Phrase|2019,2038503555,mobile_app,VND,129998,67,3,3,0,0,213,0
2019-09-28,TNL|SEM|Wolf1705|Phrase|2019,2038503555,mobile_web,VND,128946,49564,361,355,354,0,292,0
2019-09-29,TNL|SEM|Wolf1705|Phrase|2019,2038503555,desktop,VND,104450,1690,35,13,10,2,226,0
2019-09-30,TNL|SEM|Wolf1705|Phrase|2019,2038503555,mobile_app,VND,110611,5326,125,798,102,0,165,2
2019-10-01,TNL|SEM|Wolf1705|Phrase|2019,2038503555,mobile_web,VND,141691,13498,35,12296,35,0,220,2
2019-10-02,TNL|SEM|Wolf1705|Phrase|2019,2038503555,desktop,VND,187931,13449,309,1372,254,0,128,2
2019-10-03,TNL|SEM|Wolf1705|Phrase|2019,2038503555,mobile_app,VND,173546,5786,91,53,37,8,238,2
2019-10-04,TNL|SEM|Wolf1705|Phrase|2019,2038503555,mobile_web,VND,190057,50356,494,480,476,0,205,2
2019-10-05,TNL|SEM|Wolf1705|Phrase|2019,2038503555,desktop,VND,115849,3589,74,26,24,4,272,0
2019-10-06,TNL|SEM|Wolf1705|Phrase|2019,2038503555,mobile_app,VND,107082,7871,148,961,107,0,199,1
2019-10-07,TNL|SEM|Wolf1705|Phrase|2019,2038503555,mobile_web,VND,140284,14938,53,13633,53,0,257,0
2019-10-08,TNL|SEM|Wolf1705|Phrase|2019,2038503555,desktop,VND,178381,16805,308,1564,243,0,119,1
2019-10-09,TNL|SEM|Wolf1705|Phrase|2019,2038503555,mobile_app,VND,194776,7391,107,56,44,5,279,1
2019-10-10,TNL|SEM|Wolf1705|Phrase|2019,2038503555,mobile_web,VND,157348,67052,380,365,365,0,252,0
2019-10-11,TNL|SEM|Wolf1705|Phrase|2019,2038503555,desktop,VND,143630,3978,85,174,27,1,286,2
2019-10-12,TNL|SEM|Wolf1705|Phrase|2019,2038503555,mobile_app,VND,167375,6466,160,736,108,0,264,0
2019-10-13,TNL|SEM|Wolf1705|Phrase|2019,2038503555,mobile_web,VND,144075,5745,15,5136,15,0,274,1
2019-10-14,TNL|SEM|Wolf1705|Phrase|2019,2038503555,desktop,VND,180524,17490,310,1335,244,0,264,1
2019-10-15,TNL|SEM|Wolf1705|Phrase|2019,2038503555,mobile_app,VND,123364,8622,119,51,41,8,194,0
2019-10-16,TNL|SEM|Wolf1705|Phrase|2019,2038503555,desktop,VND,148673,9,0,0,0,0,158,0
2019-10-17,TNL|SEM|Wolf1705|Phrase|2019,2038503555,mobile_app,VND,126503,45537,222,217,217,0,192,1
2019-10-18,TNL|SEM|Wolf1705|Phrase|2019,2038503555,desktop,VND,163280,13132,379,1841,107,6,171,1
2019-10-19,TNL|SEM|Wolf1705|Phrase|2019,2038503555,mobile_app,VND,101896,3803,94,430,70,0,174,2
2019-10-20,TNL|SEM|Wolf1705|Phrase|2019,2038503555,desktop,VND,119941,11399,219,955,173,0,244,0
2019-10-21,TNL|SEM|Wolf1705|Phrase|2019,2038503555,mobile_app,VND,115206,9195,169,78,65,17,220,2
2019-10-22,TNL|SEM|Wolf1705|Phrase|2019,2038503555,desktop,VND,187286,48,1,1,0,0,171,1
2019-10-23,TNL|SEM|Wolf1705|Phrase|2019,2038503555,mobile_app,VND,191560,19951,111,111,111,0,242,1
2019-10-24,TNL|SEM|Wolf1705|Phrase|2019,2038503555,desktop,VND,185060,11535,323,1982,75,4,151,1
2019-10-25,TNL|SEM|Wolf1705|Phrase|2019,2038503555,mobile_app,VND,195497,2349,66,269,53,0,203,2
2019-10-26,TNL|SEM|Wolf1705|Phrase|2019,2038503555,desktop,VND,136351,7477,190,699,156,0,261,0
2019-10-27,TNL|SEM|Wolf1705|Phrase|2019,2038503555,mobile_app,VND,155867,9031,139,62,42,7,166,0
2019-10-28,TNL|SEM|Wolf1705|Phrase|2019,2038503555,desktop,VND,185506,1,0,0,0,0,240,1
2019-06-25,TNL|SEM|Wolf1705|Phrase|2019,2038503555,mobile_app,VND,120043,15290,134,131,129,0,229,1
2019-06-26,TNL|SEM|Wolf1705|Phrase|2019,2038503555,desktop,VND,142390,560,18,82,6,0,156,0
2019-06-27,TNL|SEM|Wolf1705|Phrase|2019,2038503555,mobile_app,VND,195528,2034,88,275,70,0,133,2
2019-06-28,TNL|SEM|Wolf1705|Phrase|2019,2038503555,desktop,VND,190092,7130,179,688,145,0,154,0
2019-06-29,TNL|SEM|Wolf1705|Phrase|2019,2038503555,mobile_app,VND,176190,8412,80,42,32,4,247,0
2019-06-30,TNL|SEM|Wolf1705|Phrase|2019,2038503555,desktop,VND,155968,13277,130,122,121,0,294,2
2019-01-07,TNL|SEM|Wolf1705|Phrase|2019,2038503555,mobile_app,VND,100396,1601,47,205,15,2,149,2
2019-02-07,TNL|SEM|Wolf1705|Phrase|2019,2038503555,desktop,VND,113269,4852,73,383,51,0,103,2
2019-07-03,TNL|SEM|Wolf1705|Phrase|2019,2038503555,mobile_app,VND,196092,7183,188,722,159,0,231,2
2019-07-04,TNL|SEM|Wolf1705|Phrase|2019,2038503555,desktop,VND,134385,384,13,5,4,1,225,1
2019-07-05,TNL|SEM|Wolf1705|Phrase|2019,2038503555,mobile_app,VND,107089,323,3,3,3,0,185,0
2019-07-06,TNL|SEM|Wolf1705|Phrase|2019,2038503555,desktop,VND,128424,96,2,8,0,0,136,0
2019-07-07,TNL|SEM|Wolf1705|Phrase|2019,2038503555,mobile_app,VND,190463,100,0,7,0,0,237,1
2019-07-08,TNL|SEM|Wolf1705|Phrase|2019,2038503555,desktop,VND,150469,371,10,33,9,0,273,2
2019-07-09,TNL|SEM|Wolf1705|Phrase|2019,2038503555,mobile_app,VND,128645,10022,119,49,39,5,224,2
2019-07-10,TNL|SEM|Wolf1705|Phrase|2019,2038503555,mobile_web,VND,191868,1,0,0,0,0,214,2
2019-07-11,TNL|SEM|Wolf1705|Phrase|2019,2038503555,desktop,VND,114952,3,0,0,0,0,193,2
2019-07-12,TNL|SEM|Wolf1705|Phrase|2019,2038503555,mobile_app,VND,138606,4072,123,528,31,0,277,2
2019-07-13,TNL|SEM|Wolf1705|Phrase|2019,2038503555,mobile_web,VND,177416,386,9,59,5,0,230,0
2019-07-14,TNL|SEM|Wolf1705|Phrase|2019,2038503555,desktop,VND,195706,13752,221,1216,150,0,179,1
2019-07-15,TNL|SEM|Wolf1705|Phrase|2019,2038503555,mobile_app,VND,184491,589,86,116,1,0,159,0
2019-07-16,TNL|SEM|Wolf1705|Phrase|2019,2038503555,mobile_web,VND,111111,9192,161,780,125,0,163,1
2019-07-17,TNL|SEM|Wolf1705|Phrase|2019,2038503555,desktop,VND,185239,9715,104,51,37,2,273,0
2019-07-18,TNL|SEM|Wolf1705|Phrase|2019,2038503555,mobile_app,VND,123316,2,0,0,0,0,242,1
2019-07-19,TNL|SEM|Wolf1705|Phrase|2019,2038503555,mobile_web,VND,135458,13359,399,1696,81,14,185,2
2019-07-20,TNL|SEM|Wolf1705|Phrase|2019,2038503555,desktop,VND,197591,470,17,65,5,0,217,1
2019-07-21,TNL|SEM|Wolf1705|Phrase|2019,2038503555,mobile_app,VND,136044,16939,312,2101,212,0,186,2
2019-07-22,TNL|SEM|Wolf1705|Phrase|2019,2038503555,mobile_web,VND,189857,1443,164,204,1,0,253,1
2019-07-23,TNL|SEM|Wolf1705|Phrase|2019,2038503555,desktop,VND,198090,9310,152,782,106,0,195,1
2019-07-24,TNL|SEM|Wolf1705|Phrase|2019,2038503555,mobile_app,VND,182759,11355,152,57,48,17,180,1
2019-07-25,TNL|SEM|Wolf1705|Phrase|2019,2038503555,mobile_web,VND,165137,5,0,0,0,0,184,1
2019-07-26,TNL|SEM|Wolf1705|Phrase|2019,2038503555,desktop,VND,112044,34777,818,4358,148,22,110,1
2019-07-27,TNL|SEM|Wolf1705|Phrase|2019,2038503555,mobile_app,VND,182285,1137,26,124,3,3,235,0
2019-07-28,TNL|SEM|Wolf1705|Phrase|2019,2038503555,mobile_web,VND,144026,16358,332,1693,245,0,234,2
2019-07-29,TNL|SEM|Wolf1705|Phrase|2019,2038503555,desktop,VND,146734,2547,150,166,0,0,286,1
2019-07-30,TNL|SEM|Wolf1705|Phrase|2019,2038503555,mobile_app,VND,166395,12221,175,914,142,0,278,0
2019-07-31,TNL|SEM|Wolf1705|Phrase|2019,2038503555,mobile_web,VND,198803,10471,131,46,35,7,157,2
2019-08-01,TNL|SEM|Wolf1705|Phrase|2019,2038503555,desktop,VND,119182,47096,926,6402,152,18,105,1
2019-08-02,TNL|SEM|Wolf1705|Phrase|2019,2038503555,mobile_app,VND,186730,2225,43,301,8,2,299,1
2019-08-03,TNL|SEM|Wolf1705|Phrase|2019,2038503555,mobile_web,VND,163163,16629,310,1579,231,0,202,0
2019-08-05,TNL|SEM|Wolf1705|Phrase|2019,2038503555,desktop,VND,134835,666,32,41,0,0,178,0
2019-08-07,TNL|SEM|Wolf1705|Phrase|2019,2038503555,mobile_app,VND,166626,11689,189,1033,165,0,245,0
2019-08-08,TNL|SEM|Wolf1705|Phrase|2019,2038503555,mobile_app,VND,161177,9717,139,54,45,10,220,1
2019-08-09,TNL|SEM|Wolf1705|Phrase|2019,2038503555,desktop,VND,184434,2490,64,291,11,4,247,1
2019-08-10,TNL|SEM|Wolf1705|Phrase|2019,2038503555,mobile_app,VND,178013,1464,26,193,9,1,169,1
2019-08-11,TNL|SEM|Wolf1705|Phrase|2019,2038503555,desktop,VND,115857,4327,96,500,76,0,174,0
2019-08-12,TNL|SEM|Wolf1705|Phrase|2019,2038503555,mobile_app,VND,192673,3463,64,337,54,0,242,2
2019-08-13,TNL|SEM|Wolf1705|Phrase|2019,2038503555,mobile_app,VND,109111,9970,148,56,43,6,103,2
2019-08-14,TNL|SEM|Wolf1705|Phrase|2019,2038503555,mobile_app,VND,136146,10174,208,1050,45,8,154,1
2019-08-15,TNL|SEM|Wolf1705|Phrase|2019,2038503555,desktop,VND,144314,553,11,65,2,0,164,0
2019-08-16,TNL|SEM|Wolf1705|Phrase|2019,2038503555,mobile_app,VND,136584,10017,167,65,52,16,133,2
2019-08-17,TNL|SEM|Wolf1705|Phrase|2019,2038503555,mobile_web,VND,175011,1676,47,73,1,0,234,2
2019-08-18,TNL|SEM|Wolf1705|Phrase|2019,2038503555,desktop,VND,131337,7375,140,858,24,1,159,0
2019-08-19,TNL|SEM|Wolf1705|Phrase|2019,2038503555,mobile_app,VND,158145,2231,81,86,25,3,112,2
2019-08-20,TNL|SEM|Wolf1705|Phrase|2019,2038503555,mobile_web,VND,156980,10140,126,54,40,6,203,2
2019-08-21,TNL|SEM|Wolf1705|Phrase|2019,2038503555,desktop,VND,108818,3182,119,136,0,0,237,0
2019-08-22,TNL|SEM|Wolf1705|Phrase|2019,2038503555,mobile_app,VND,156583,10850,226,1062,40,4,262,1
2019-08-23,TNL|SEM|Wolf1705|Phrase|2019,2038503555,mobile_web,VND,199132,1712,46,90,13,2,123,0
2019-08-24,TNL|SEM|Wolf1705|Phrase|2019,2038503555,desktop,VND,108166,1077,57,62,0,0,209,1
2019-08-25,TNL|SEM|Wolf1705|Phrase|2019,2038503555,mobile_app,VND,188368,10362,136,45,42,12,147,1
2019-08-26,TNL|SEM|Wolf1705|Phrase|2019,2038503555,mobile_web,VND,170568,5712,148,157,1,0,207,1
2019-08-27,TNL|SEM|Wolf1705|Phrase|2019,2038503555,desktop,VND,147753,1060,28,113,8,0,168,1
2019-08-28,TNL|SEM|Wolf1705|Phrase|2019,2038503555,mobile_app,VND,101885,1216,23,85,7,1,151,0
2019-08-29,TNL|SEM|Wolf1705|Phrase|2019,2038503555,mobile_web,VND,188519,4725,216,235,0,0,185,1
2019-08-30,TNL|SEM|Wolf1705|Phrase|2019,2038503555,desktop,VND,172095,10151,139,56,46,11,117,0
2019-08-31,TNL|SEM|Wolf1705|Phrase|2019,2038503555,mobile_app,VND,143222,7673,149,146,2,0,181,1
2019-09-01,TNL|SEM|Wolf1705|Phrase|2019,2038503555,mobile_web,VND,132508,5088,98,466,21,3,288,2
2019-09-02,TNL|SEM|Wolf1705|Phrase|2019,2038503555,desktop,VND,101837,3056,66,141,20,3,181,2
2019-09-03,TNL|SEM|Wolf1705|Phrase|2019,2038503555,mobile_app,VND,139427,6203,240,250,1,0,217,1
2019-09-04,TNL|SEM|Wolf1705|Phrase|2019,2038503555,mobile_web,VND,195365,7,0,3,0,0,208,2
2019-09-05,TNL|SEM|Wolf1705|Phrase|2019,2038503555,desktop,VND,152993,9563,112,45,31,4,115,1
2019-09-06,TNL|SEM|Wolf1705|Phrase|2019,2038503555,mobile_app,VND,118368,5905,125,123,0,0,142,0
2019-09-07,TNL|SEM|Wolf1705|Phrase|2019,2038503555,mobile_web,VND,141793,1,0,0,0,0,117,2
2019-09-08,TNL|SEM|Wolf1705|Phrase|2019,2038503555,desktop,VND,120324,11583,199,474,44,2,144,2
2019-09-09,TNL|SEM|Wolf1705|Phrase|2019,2038503555,mobile_app,VND,142871,7669,200,203,0,0,171,0
2019-09-10,TNL|SEM|Wolf1705|Phrase|2019,2038503555,mobile_web,VND,194970,75,0,4,0,0,300,1
2019-09-11,TNL|SEM|Wolf1705|Phrase|2019,2038503555,desktop,VND,130410,10094,146,64,43,6,242,2
2019-09-12,TNL|SEM|Wolf1705|Phrase|2019,2038503555,mobile_app,VND,192327,5865,98,207,27,3,230,1
2019-09-13,TNL|SEM|Wolf1705|Phrase|2019,2038503555,mobile_web,VND,186234,13137,230,1063,41,11,136,1
2019-09-14,TNL|SEM|Wolf1705|Phrase|2019,2038503555,desktop,VND,143995,9657,482,553,0,0,199,2
2019-09-15,TNL|SEM|Wolf1705|Phrase|2019,2038503555,mobile_app,VND,194611,8468,95,39,33,5,280,1
2019-09-16,TNL|SEM|Wolf1705|Phrase|2019,2038503555,mobile_web,VND,167131,9547,147,562,36,3,162,1
2019-09-17,TNL|SEM|Wolf1705|Phrase|2019,2038503555,desktop,VND,182430,7166,135,566,35,5,126,1
2019-09-18,TNL|SEM|Wolf1705|Phrase|2019,2038503555,mobile_app,VND,123549,8720,115,53,37,5,207,0
2019-09-19,TNL|SEM|Wolf1705|Phrase|2019,2038503555,mobile_web,VND,124963,8,0,0,0,0,252,2
2019-09-20,TNL|SEM|Wolf1705|Phrase|2019,2038503555,desktop,VND,199284,2010,43,66,11,2,264,0
2019-09-21,TNL|SEM|Wolf1705|Phrase|2019,2038503555,mobile_app,VND,145134,9686,105,41,35,9,122,0
2019-09-22,TNL|SEM|Wolf1705|Phrase|2019,2038503555,mobile_web,VND,117130,8934,146,595,29,1,210,0
2019-09-23,TNL|SEM|Wolf1705|Phrase|2019,2038503555,desktop,VND,159826,167,2,0,0,0,137,1
2019-09-24,TNL|SEM|Wolf1705|Phrase|2019,2038503555,mobile_app,VND,144923,10311,139,61,50,7,202,0
2019-09-25,TNL|SEM|Wolf1705|Phrase|2019,2038503555,mobile_web,VND,106456,7907,92,41,29,8,167,2
2019-09-26,TNL|SEM|Wolf1705|Phrase|2019,2038503555,desktop,VND,149123,48,1,9,0,0,257,2
2019-09-27,TNL|SEM|Wolf1705|Phrase|2019,2038503555,mobile_app,VND,104280,926,48,58,0,0,159,0
2019-09-28,TNL|SEM|Wolf1705|Phrase|2019,2038503555,mobile_web,VND,114656,1422,112,137,0,0,108,1
2019-09-29,TNL|SEM|Wolf1705|Phrase|2019,2038503555,desktop,VND,131926,4753,237,272,0,0,102,1
2019-09-30,TNL|SEM|Wolf1705|Phrase|2019,2038503555,mobile_app,VND,194461,4559,190,218,0,0,234,1
2019-10-01,TNL|SEM|Wolf1705|Phrase|2019,2038503555,mobile_web,VND,101199,13589,268,251,1,0,270,0
2019-10-02,TNL|SEM|Wolf1705|Phrase|2019,2038503555,desktop,VND,116865,7309,199,208,0,0,158,2
2019-10-03,TNL|SEM|Wolf1705|Phrase|2019,2038503555,mobile_app,VND,169482,3044,270,324,2,0,115,2
2019-10-04,TNL|SEM|Wolf1705|Phrase|2019,2038503555,mobile_web,VND,105704,16943,288,278,3,0,240,0
2019-10-05,TNL|SEM|Wolf1705|Phrase|2019,2038503555,desktop,VND,102977,832,31,33,0,0,190,0
2019-10-06,TNL|SEM|Wolf1705|Phrase|2019,2038503555,mobile_app,VND,110853,8964,276,290,1,0,173,1
2019-10-07,TNL|SEM|Wolf1705|Phrase|2019,2038503555,mobile_web,VND,101001,12492,287,290,1,0,220,0
2019-10-08,TNL|SEM|Wolf1705|Phrase|2019,2038503555,desktop,VND,198834,1824,96,94,0,0,200,2
2019-10-09,TNL|SEM|Wolf1705|Phrase|2019,2038503555,mobile_app,VND,139493,762,89,119,1,0,244,1
2019-10-10,TNL|SEM|Wolf1705|Phrase|2019,2038503555,mobile_web,VND,171345,4640,222,274,1,0,216,2
2019-10-11,TNL|SEM|Wolf1705|Phrase|2019,2038503555,desktop,VND,138426,8905,257,284,0,0,122,2
2019-10-12,TNL|SEM|Wolf1705|Phrase|2019,2038503555,mobile_app,VND,110274,15490,285,275,1,0,204,1
2019-10-13,TNL|SEM|Wolf1705|Phrase|2019,2038503555,mobile_web,VND,102903,327,43,63,0,0,123,1
2019-10-14,TNL|SEM|Wolf1705|Phrase|2019,2038503555,desktop,VND,151092,19355,306,282,0,0,176,1
2019-10-15,TNL|SEM|Wolf1705|Phrase|2019,2038503555,mobile_app,VND,108231,458,140,146,0,0,257,0
2019-10-16,TNL|SEM|Wolf1705|Phrase|2019,2038503555,mobile_web,VND,161967,32899,312,11467,0,0,296,0
2019-10-17,TNL|SEM|Wolf1705|Phrase|2019,2038503555,desktop,VND,173150,19078,206,186,0,0,252,0
2019-10-18,TNL|SEM|Wolf1705|Phrase|2019,2038503555,mobile_app,VND,116764,47587,349,16595,0,0,130,0
2019-10-19,TNL|SEM|Wolf1705|Phrase|2019,2038503555,mobile_web,VND,197735,52116,552,17472,0,0,158,1
2019-10-20,TNL|SEM|Wolf1705|Phrase|2019,2038503555,desktop,VND,148736,55470,434,18956,0,0,143,1
2019-10-21,TNL|SEM|Wolf1705|Phrase|2019,2038503555,mobile_app,VND,189368,3967,241,217,1,0,191,2
2019-10-22,TNL|SEM|Wolf1705|Phrase|2019,2038503555,mobile_web,VND,124747,51678,369,21020,0,0,273,0
2019-10-23,TNL|SEM|Wolf1705|Phrase|2019,2038503555,desktop,VND,194677,10551,452,382,2,0,131,1
2019-10-24,TNL|SEM|Wolf1705|Phrase|2019,2038503555,mobile_app,VND,192804,49731,399,18184,0,0,225,2
2019-10-25,TNL|SEM|Wolf1705|Phrase|2019,2038503555,mobile_web,VND,131877,22670,580,493,0,0,119,1
2019-10-26,TNL|SEM|Wolf1705|Phrase|2019,2038503555,mobile_app,VND,198157,9212,68,3840,0,0,115,2
2019-10-27,TNL|SEM|Wolf1705|Phrase|2019,2038503555,desktop,VND,137533,25939,267,8770,0,0,237,1
2019-10-28,TNL|SEM|Wolf1705|Phrase|2019,2038503555,mobile_app,VND,193945,23936,473,402,3,0,227,2
2019-06-25,TNL|SEM|Funlus Phoenix|1705|Phrase|2019,2038503552,desktop,VND,117033,13300,79,5800,0,0,244,2
2019-06-26,TNL|SEM|Funlus Phoenix|1705|Phrase|2019,2038503552,mobile_app,VND,164088,8712,339,404,1,0,261,0
2019-06-27,TNL|SEM|Funlus Phoenix|1705|Phrase|2019,2038503552,desktop,VND,108178,18351,507,431,0,0,252,2
2019-06-28,TNL|SEM|Funlus Phoenix|1705|Phrase|2019,2038503552,mobile_app,VND,140638,12613,64,5885,0,0,134,0
2019-06-29,TNL|SEM|Funlus Phoenix|1705|Phrase|2019,2038503552,desktop,VND,122922,18973,682,746,0,0,261,2
2019-06-30,TNL|SEM|Funlus Phoenix|1705|Phrase|2019,2038503552,mobile_app,VND,111025,22805,490,429,0,0,124,0
2019-01-07,TNL|SEM|Funlus Phoenix|1705|Phrase|2019,2038503552,desktop,VND,140799,13405,93,4863,0,0,193,1
2019-02-07,TNL|SEM|Funlus Phoenix|1705|Phrase|2019,2038503552,mobile_app,VND,137474,14129,272,267,2,0,285,0
2019-03-07,TNL|SEM|Funlus Phoenix|1705|Phrase|2019,2038503552,desktop,VND,157758,10556,205,176,0,0,286,1
2019-07-04,TNL|SEM|Funlus Phoenix|1705|Phrase|2019,2038503552,mobile_app,VND,130321,4319,20,1907,0,0,126,1
2019-07-05,TNL|SEM|Funlus Phoenix|1705|Phrase|2019,2038503552,desktop,VND,191377,53655,921,944,3,0,288,2
2019-07-06,TNL|SEM|Funlus Phoenix|1705|Phrase|2019,2038503552,mobile_app,VND,147173,25105,544,460,0,0,252,0
2019-07-07,TNL|SEM|Funlus Phoenix|1705|Phrase|2019,2038503552,desktop,VND,154789,30860,183,12512,0,0,168,1
2019-07-08,TNL|SEM|Funlus Phoenix|1705|Phrase|2019,2038503552,mobile_app,VND,112803,93622,1373,1310,2,0,114,0
2019-07-09,TNL|SEM|Funlus Phoenix|1705|Phrase|2019,2038503552,desktop,VND,110590,31918,578,517,0,0,282,2
2019-07-10,TNL|SEM|Funlus Phoenix|1705|Phrase|2019,2038503552,mobile_app,VND,141745,36773,613,540,0,0,124,1
2019-07-11,TNL|SEM|Funlus Phoenix|1705|Phrase|2019,2038503552,desktop,VND,127634,23675,366,321,0,0,292,0
,,,,,,,,,,,,
,,,,,,,,,,,,
,,,,,,,,,,,,
,,,,,,,,,,,,
,,,,,,,,,,,,
,,,,,,,,,,,,
,,,,,,,,,,,,
,,,,,,,,,,,,
,,,,,,,,,,,,
,,,,,,,,,,,,
,,,,,,,,,,,,
,,,,,,,,,,,,
,,,,,,,,,,,,
,,,,,,,,,,,,
,,,,,,,,,,,,
,,,,,,,,,,,,
,,,,,,,,,,,,
,,,,,,,,,,,,
,,,,,,,,,,,,
,,,,,,,,,,,,
,,,,,,,,,,,,
,,,,,,,,,,,,
,,,,,,,,,,,,
,,,,,,,,,,,,
,,,,,,,,,,,,
,,,,,,,,,,,,
,,,,,,,,,,,,
,,,,,,,,,,,,
,,,,,,,,,,,,
,,,,,,,,,,,,
,,,,,,,,,,,,
,,,,,,,,,,,,
,,,,,,,,,,,,
,,,,,,,,,,,,
,,,,,,,,,,,,
,,,,,,,,,,,,
,,,,,,,,,,,,
,,,,,,,,,,,,
,,,,,,,,,,,,
,,,,,,,,,,,,
,,,,,,,,,,,,
,,,,,,,,,,,,
,,,,,,,,,,,,
,,,,,,,,,,,,
,,,,,,,,,,,,
,,,,,,,,,,,,
,,,,,,,,,,,,
,,,,,,,,,,,,
,,,,,,,,,,,,
,,,,,,,,,,,,
,,,,,,,,,,,,
,,,,,,,,,,,,
,,,,,,,,,,,,
,,,,,,,,,,,,
,,,,,,,,,,,,
,,,,,,,,,,,,
,,,,,,,,,,,,
,,,,,,,,,,,,
,,,,,,,,,,,,
,,,,,,,,,,,,
,,,,,,,,,,,,
,,,,,,,,,,,,
,,,,,,,,,,,,
,,,,,,,,,,,,
,,,,,,,,,,,,
,,,,,,,,,,,,
,,,,,,,,,,,,
,,,,,,,,,,,,
,,,,,,,,,,,,
,,,,,,,,,,,,
,,,,,,,,,,,,
,,,,,,,,,,,,
,,,,,,,,,,,,
,,,,,,,,,,,,
,,,,,,,,,,,,
,,,,,,,,,,,,
,,,,,,,,,,,,
,,,,,,,,,,,,
,,,,,,,,,,,,
,,,,,,,,,,,,
,,,,,,,,,,,,
,,,,,,,,,,,,
,,,,,,,,,,,,
,,,,,,,,,,,,
,,,,,,,,,,,,
,,,,,,,,,,,,
,,,,,,,,,,,,
,,,,,,,,,,,,
,,,,,,,,,,,,
,,,,,,,,,,,,
,,,,,,,,,,,,
,,,,,,,,,,,,
,,,,,,,,,,,,
,,,,,,,,,,,,
,,,,,,,,,,,,
,,,,,,,,,,,,
,,,,,,,,,,,,
,,,,,,,,,,,,
,,,,,,,,,,,,
,,,,,,,,,,,,
,,,,,,,,,,,,
,,,,,,,,,,,,
,,,,,,,,,,,,
,,,,,,,,,,,,
,,,,,,,,,,,,
,,,,,,,,,,,,
,,,,,,,,,,,,
,,,,,,,,,,,,
,,,,,,,,,,,,
,,,,,,,,,,,,
,,,,,,,,,,,,
,,,,,,,,,,,,
,,,,,,,,,,,,
,,,,,,,,,,,,
,,,,,,,,,,,,
,,,,,,,,,,,,
,,,,,,,,,,,,
,,,,,,,,,,,,
,,,,,,,,,,,,
,,,,,,,,,,,,
,,,,,,,,,,,,
,,,,,,,,,,,,
,,,,,,,,,,,,
,,,,,,,,,,,,
,,,,,,,,,,,,
,,,,,,,,,,,,
,,,,,,,,,,,,
,,,,,,,,,,,,
,,,,,,,,,,,,
,,,,,,,,,,,,
,,,,,,,,,,,,
,,,,,,,,,,,,
,,,,,,,,,,,,
,,,,,,,,,,,,
,,,,,,,,,,,,
,,,,,,,,,,,,
,,,,,,,,,,,,
,,,,,,,,,,,,
,,,,,,,,,,,,
,,,,,,,,,,,,
,,,,,,,,,,,,
,,,,,,,,,,,,
,,,,,,,,,,,,
,,,,,,,,,,,,
,,,,,,,,,,,,
,,,,,,,,,,,,
,,,,,,,,,,,,
,,,,,,,,,,,,
,,,,,,,,,,,,
,,,,,,,,,,,,
,,,,,,,,,,,,
,,,,,,,,,,,,
,,,,,,,,,,,,
,,,,,,,,,,,,
,,,,,,,,,,,,
,,,,,,,,,,,,
,,,,,,,,,,,,
,,,,,,,,,,,,
,,,,,,,,,,,,
,,,,,,,,,,,,
,,,,,,,,,,,,
,,,,,,,,,,,,
,,,,,,,,,,,,
,,,,,,,,,,,,
,,,,,,,,,,,,
,,,,,,,,,,,,
,,,,,,,,,,,,
,,,,,,,,,,,,
,,,,,,,,,,,,
,,,,,,,,,,,,
,,,,,,,,,,,,
,,,,,,,,,,,,
,,,,,,,,,,,,
,,,,,,,,,,,,
,,,,,,,,,,,,
,,,,,,,,,,,,
,,,,,,,,,,,,
,,,,,,,,,,,,
,,,,,,,,,,,,
,,,,,,,,,,,,
,,,,,,,,,,,,
,,,,,,,,,,,,
,,,,,,,,,,,,
,,,,,,,,,,,,
,,,,,,,,,,,,
,,,,,,,,,,,,
,,,,,,,,,,,,
,,,,,,,,,,,,
,,,,,,,,,,,,
,,,,,,,,,,,,
,,,,,,,,,,,,
,,,,,,,,,,,,
,,,,,,,,,,,,
,,,,,,,,,,,,
,,,,,,,,,,,,
,,,,,,,,,,,,
,,,,,,,,,,,,
,,,,,,,,,,,,
,,,,,,,,,,,,
,,,,,,,,,,,,
,,,,,,,,,,,,
,,,,,,,,,,,,
,,,,,,,,,,,,
,,,,,,,,,,,,
,,,,,,,,,,,,
,,,,,,,,,,,,
,,,,,,,,,,,,
,,,,,,,,,,,,
,,,,,,,,,,,,
,,,,,,,,,,,,
,,,,,,,,,,,,
,,,,,,,,,,,,
,,,,,,,,,,,,
,,,,,,,,,,,,
,,,,,,,,,,,,
,,,,,,,,,,,,
,,,,,,,,,,,,
,,,,,,,,,,,,
,,,,,,,,,,,,
,,,,,,,,,,,,
,,,,,,,,,,,,
,,,,,,,,,,,,
,,,,,,,,,,,,
,,,,,,,,,,,,
,,,,,,,,,,,,
,,,,,,,,,,,,
,,,,,,,,,,,,
,,,,,,,,,,,,
,,,,,,,,,,,,
,,,,,,,,,,,,
,,,,,,,,,,,,
,,,,,,,,,,,,
,,,,,,,,,,,,
,,,,,,,,,,,,
,,,,,,,,,,,,
,,,,,,,,,,,,
,,,,,,,,,,,,
,,,,,,,,,,,,
,,,,,,,,,,,,
,,,,,,,,,,,,
,,,,,,,,,,,,
,,,,,,,,,,,,
,,,,,,,,,,,,
,,,,,,,,,,,,
,,,,,,,,,,,,
,,,,,,,,,,,,
,,,,,,,,,,,,
,,,,,,,,,,,,
,,,,,,,,,,,,
,,,,,,,,,,,,
,,,,,,,,,,,,
,,,,,,,,,,,,
,,,,,,,,,,,,
,,,,,,,,,,,,
,,,,,,,,,,,,
,,,,,,,,,,,,
,,,,,,,,,,,,
,,,,,,,,,,,,
,,,,,,,,,,,,
,,,,,,,,,,,,
,,,,,,,,,,,,
,,,,,,,,,,,,
,,,,,,,,,,,,
,,,,,,,,,,,,
,,,,,,,,,,,,
,,,,,,,,,,,,
,,,,,,,,,,,,
,,,,,,,,,,,,
,,,,,,,,,,,,
,,,,,,,,,,,,
,,,,,,,,,,,,
,,,,,,,,,,,,
,,,,,,,,,,,,
,,,,,,,,,,,,
,,,,,,,,,,,,
,,,,,,,,,,,,
,,,,,,,,,,,,
,,,,,,,,,,,,
,,,,,,,,,,,,
,,,,,,,,,,,,
,,,,,,,,,,,,
,,,,,,,,,,,,
,,,,,,,,,,,,
,,,,,,,,,,,,
,,,,,,,,,,,,
,,,,,,,,,,,,
,,,,,,,,,,,,
,,,,,,,,,,,,
,,,,,,,,,,,,
,,,,,,,,,,,,
,,,,,,,,,,,,
,,,,,,,,,,,,
,,,,,,,,,,,,
,,,,,,,,,,,,
,,,,,,,,,,,,
,,,,,,,,,,,,
,,,,,,,,,,,,
,,,,,,,,,,,,
,,,,,,,,,,,,
,,,,,,,,,,,,
,,,,,,,,,,,,
,,,,,,,,,,,,
,,,,,,,,,,,,
,,,,,,,,,,,,
,,,,,,,,,,,,
,,,,,,,,,,,,
,,,,,,,,,,,,
,,,,,,,,,,,,
,,,,,,,,,,,,
,,,,,,,,,,,,
,,,,,,,,,,,,
,,,,,,,,,,,,
,,,,,,,,,,,,
,,,,,,,,,,,,
,,,,,,,,,,,,
,,,,,,,,,,,,
,,,,,,,,,,,,
,,,,,,,,,,,,
,,,,,,,,,,,,
,,,,,,,,,,,,
,,,,,,,,,,,,
,,,,,,,,,,,,
,,,,,,,,,,,,
,,,,,,,,,,,,
,,,,,,,,,,,,
,,,,,,,,,,,,
,,,,,,,,,,,,
,,,,,,,,,,,,
,,,,,,,,,,,,
,,,,,,,,,,,,
,,,,,,,,,,,,
,,,,,,,,,,,,
,,,,,,,,,,,,
,,,,,,,,,,,,
,,,,,,,,,,,,
,,,,,,,,,,,,
,,,,,,,,,,,,
,,,,,,,,,,,,
,,,,,,,,,,,,
,,,,,,,,,,,,
,,,,,,,,,,,,
,,,,,,,,,,,,
,,,,,,,,,,,,
,,,,,,,,,,,,
,,,,,,,,,,,,
,,,,,,,,,,,,
,,,,,,,,,,,,
,,,,,,,,,,,,
,,,,,,,,,,,,
,,,,,,,,,,,,
,,,,,,,,,,,,
,,,,,,,,,,,,
,,,,,,,,,,,,
,,,,,,,,,,,,
,,,,,,,,,,,,
,,,,,,,,,,,,
,,,,,,,,,,,,
,,,,,,,,,,,,
,,,,,,,,,,,,
,,,,,,,,,,,,
,,,,,,,,,,,,
,,,,,,,,,,,,
,,,,,,,,,,,,
,,,,,,,,,,,,
,,,,,,,,,,,,
,,,,,,,,,,,,
,,,,,,,,,,,,
,,,,,,,,,,,,
,,,,,,,,,,,,
,,,,,,,,,,,,
,,,,,,,,,,,,
,,,,,,,,,,,,
,,,,,,,,,,,,
,,,,,,,,,,,,
,,,,,,,,,,,,
,,,,,,,,,,,,
,,,,,,,,,,,,
,,,,,,,,,,,,
,,,,,,,,,,,,
,,,,,,,,,,,,
,,,,,,,,,,,,
,,,,,,,,,,,,
,,,,,,,,,,,,
,,,,,,,,,,,,
,,,,,,,,,,,,
,,,,,,,,,,,,
,,,,,,,,,,,,
,,,,,,,,,,,,
,,,,,,,,,,,,
,,,,,,,,,,,,
,,,,,,,,,,,,
,,,,,,,,,,,,
,,,,,,,,,,,,
,,,,,,,,,,,,
,,,,,,,,,,,,
,,,,,,,,,,,,
,,,,,,,,,,,,
,,,,,,,,,,,,
,,,,,,,,,,,,
,,,,,,,,,,,,
,,,,,,,,,,,,
,,,,,,,,,,,,
,,,,,,,,,,,,
,,,,,,,,,,,,
,,,,,,,,,,,,
,,,,,,,,,,,,
,,,,,,,,,,,,
,,,,,,,,,,,,
,,,,,,,,,,,,
,,,,,,,,,,,,
,,,,,,,,,,,,
,,,,,,,,,,,,
,,,,,,,,,,,,
,,,,,,,,,,,,
,,,,,,,,,,,,
,,,,,,,,,,,,
,,,,,,,,,,,,
,,,,,,,,,,,,
,,,,,,,,,,,,
,,,,,,,,,,,,
,,,,,,,,,,,,
,,,,,,,,,,,,
,,,,,,,,,,,,
,,,,,,,,,,,,
,,,,,,,,,,,,
,,,,,,,,,,,,
,,,,,,,,,,,,
,,,,,,,,,,,,
,,,,,,,,,,,,
,,,,,,,,,,,,
,,,,,,,,,,,,
,,,,,,,,,,,,
,,,,,,,,,,,,
,,,,,,,,,,,,
,,,,,,,,,,,,
,,,,,,,,,,,,
,,,,,,,,,,,,
,,,,,,,,,,,,
,,,,,,,,,,,,
,,,,,,,,,,,,
,,,,,,,,,,,,
,,,,,,,,,,,,
,,,,,,,,,,,,
,,,,,,,,,,,,
,,,,,,,,,,,,
,,,,,,,,,,,,
,,,,,,,,,,,,
,,,,,,,,,,,,
,,,,,,,,,,,,
,,,,,,,,,,,,
,,,,,,,,,,,,
,,,,,,,,,,,,
,,,,,,,,,,,,
,,,,,,,,,,,,
,,,,,,,,,,,,
,,,,,,,,,,,,
,,,,,,,,,,,,
,,,,,,,,,,,,
,,,,,,,,,,,,
,,,,,,,,,,,,
,,,,,,,,,,,,
,,,,,,,,,,,,
,,,,,,,,,,,,
,,,,,,,,,,,,
,,,,,,,,,,,,
,,,,,,,,,,,,
,,,,,,,,,,,,
,,,,,,,,,,,,
,,,,,,,,,,,,
,,,,,,,,,,,,
,,,,,,,,,,,,
,,,,,,,,,,,,
,,,,,,,,,,,,
,,,,,,,,,,,,
,,,,,,,,,,,,
,,,,,,,,,,,,
,,,,,,,,,,,,
,,,,,,,,,,,,
,,,,,,,,,,,,
,,,,,,,,,,,,
,,,,,,,,,,,,
,,,,,,,,,,,,
,,,,,,,,,,,,
,,,,,,,,,,,,
,,,,,,,,,,,,
,,,,,,,,,,,,
,,,,,,,,,,,,
,,,,,,,,,,,,
,,,,,,,,,,,,
,,,,,,,,,,,,
,,,,,,,,,,,,
,,,,,,,,,,,,
,,,,,,,,,,,,
,,,,,,,,,,,,
,,,,,,,,,,,,
,,,,,,,,,,,,
,,,,,,,,,,,,
,,,,,,,,,,,,
,,,,,,,,,,,,
,,,,,,,,,,,,
,,,,,,,,,,,,
,,,,,,,,,,,,
,,,,,,,,,,,,
,,,,,,,,,,,,
,,,,,,,,,,,,
,,,,,,,,,,,,
,,,,,,,,,,,,
,,,,,,,,,,,,
,,,,,,,,,,,,
,,,,,,,,,,,,
,,,,,,,,,,,,
,,,,,,,,,,,,
,,,,,,,,,,,,
,,,,,,,,,,,,
,,,,,,,,,,,,
,,,,,,,,,,,,
,,,,,,,,,,,,
,,,,,,,,,,,,
,,,,,,,,,,,,
,,,,,,,,,,,,
,,,,,,,,,,,,
,,,,,,,,,,,,
,,,,,,,,,,,,
,,,,,,,,,,,,
,,,,,,,,,,,,
,,,,,,,,,,,,
,,,,,,,,,,,,
,,,,,,,,,,,,
,,,,,,,,,,,,
,,,,,,,,,,,,
,,,,,,,,,,,,
,,,,,,,,,,,,
,,,,,,,,,,,,
,,,,,,,,,,,,
,,,,,,,,,,,,
,,,,,,,,,,,,
,,,,,,,,,,,,
,,,,,,,,,,,,
,,,,,,,,,,,,
,,,,,,,,,,,,
,,,,,,,,,,,,
,,,,,,,,,,,,
,,,,,,,,,,,,
,,,,,,,,,,,,
,,,,,,,,,,,,
,,,,,,,,,,,,
,,,,,,,,,,,,
,,,,,,,,,,,,
,,,,,,,,,,,,
,,,,,,,,,,,,
,,,,,,,,,,,,
,,,,,,,,,,,,
,,,,,,,,,,,,
,,,,,,,,,,,,
,,,,,,,,,,,,
,,,,,,,,,,,,
,,,,,,,,,,,,
,,,,,,,,,,,,
,,,,,,,,,,,,
,,,,,,,,,,,,
,,,,,,,,,,,,
,,,,,,,,,,,,
,,,,,,,,,,,,
,,,,,,,,,,,,
,,,,,,,,,,,,
,,,,,,,,,,,,
,,,,,,,,,,,,
,,,,,,,,,,,,
,,,,,,,,,,,,
,,,,,,,,,,,,
,,,,,,,,,,,,
,,,,,,,,,,,,
,,,,,,,,,,,,
,,,,,,,,,,,,
,,,,,,,,,,,,
,,,,,,,,,,,,
,,,,,,,,,,,,
,,,,,,,,,,,,
,,,,,,,,,,,,
,,,,,,,,,,,,
,,,,,,,,,,,,
,,,,,,,,,,,,
,,,,,,,,,,,,
,,,,,,,,,,,,
,,,,,,,,,,,,
,,,,,,,,,,,,
,,,,,,,,,,,,
,,,,,,,,,,,,
,,,,,,,,,,,,
,,,,,,,,,,,,
,,,,,,,,,,,,
,,,,,,,,,,,,
,,,,,,,,,,,,
,,,,,,,,,,,,
,,,,,,,,,,,,
,,,,,,,,,,,,
,,,,,,,,,,,,
,,,,,,,,,,,,
,,,,,,,,,,,,
,,,,,,,,,,,,
,,,,,,,,,,,,
,,,,,,,,,,,,
,,,,,,,,,,,,
,,,,,,,,,,,,
,,,,,,,,,,,,
,,,,,,,,,,,,
,,,,,,,,,,,,
,,,,,,,,,,,,
,,,,,,,,,,,,
,,,,,,,,,,,,
,,,,,,,,,,,,
,,,,,,,,,,,,
,,,,,,,,,,,,
,,,,,,,,,,,,
,,,,,,,,,,,,
,,,,,,,,,,,,
,,,,,,,,,,,,
,,,,,,,,,,,,
,,,,,,,,,,,,
,,,,,,,,,,,,
,,,,,,,,,,,,
,,,,,,,,,,,,
,,,,,,,,,,,,
,,,,,,,,,,,,
,,,,,,,,,,,,
,,,,,,,,,,,,
,,,,,,,,,,,,
,,,,,,,,,,,,
,,,,,,,,,,,,
,,,,,,,,,,,,
,,,,,,,,,,,,
,,,,,,,,,,,,
,,,,,,,,,,,,
,,,,,,,,,,,,
,,,,,,,,,,,,
,,,,,,,,,,,,
,,,,,,,,,,,,
,,,,,,,,,,,,
,,,,,,,,,,,,
,,,,,,,,,,,,
,,,,,,,,,,,,
,,,,,,,,,,,,
,,,,,,,,,,,,
,,,,,,,,,,,,
,,,,,,,,,,,,
,,,,,,,,,,,,
,,,,,,,,,,,,
,,,,,,,,,,,,
,,,,,,,,,,,,
,,,,,,,,,,,,
,,,,,,,,,,,,
,,,,,,,,,,,,
,,,,,,,,,,,,
,,,,,,,,,,,,
,,,,,,,,,,,,
,,,,,,,,,,,,
,,,,,,,,,,,,
,,,,,,,,,,,,
,,,,,,,,,,,,
,,,,,,,,,,,,
,,,,,,,,,,,,
,,,,,,,,,,,,
,,,,,,,,,,,,
,,,,,,,,,,,,
,,,,,,,,,,,,
,,,,,,,,,,,,
,,,,,,,,,,,,
,,,,,,,,,,,,
,,,,,,,,,,,,
,,,,,,,,,,,,
,,,,,,,,,,,,
,,,,,,,,,,,,
,,,,,,,,,,,,
,,,,,,,,,,,,
,,,,,,,,,,,,
,,,,,,,,,,,,
,,,,,,,,,,,,
,,,,,,,,,,,,
,,,,,,,,,,,,
,,,,,,,,,,,,
,,,,,,,,,,,,
,,,,,,,,,,,,
,,,,,,,,,,,,
,,,,,,,,,,,,
,,,,,,,,,,,,
,,,,,,,,,,,,
,,,,,,,,,,,,
,,,,,,,,,,,,
,,,,,,,,,,,,
,,,,,,,,,,,,
,,,,,,,,,,,,
,,,,,,,,,,,,
,,,,,,,,,,,,
,,,,,,,,,,,,
,,,,,,,,,,,,
,,,,,,,,,,,,
,,,,,,,,,,,,
,,,,,,,,,,,,
,,,,,,,,,,,,
,,,,,,,,,,,,
,,,,,,,,,,,,
,,,,,,,,,,,,
,,,,,,,,,,,,
,,,,,,,,,,,,
,,,,,,,,,,,,
,,,,,,,,,,,,
,,,,,,,,,,,,
,,,,,,,,,,,,
,,,,,,,,,,,,
,,,,,,,,,,,,
,,,,,,,,,,,,
,,,,,,,,,,,,
,,,,,,,,,,,,
,,,,,,,,,,,,
,,,,,,,,,,,,
,,,,,,,,,,,,
,,,,,,,,,,,,
,,,,,,,,,,,,
,,,,,,,,,,,,
,,,,,,,,,,,,
,,,,,,,,,,,,
,,,,,,,,,,,,
,,,,,,,,,,,,
,,,,,,,,,,,,
,,,,,,,,,,,,
,,,,,,,,,,,,
,,,,,,,,,,,,
,,,,,,,,,,,,
,,,,,,,,,,,,
,,,,,,,,,,,,
,,,,,,,,,,,,
,,,,,,,,,,,,
,,,,,,,,,,,,
,,,,,,,,,,,,
,,,,,,,,,,,,
,,,,,,,,,,,,
,,,,,,,,,,,,
,,,,,,,,,,,,
,,,,,,,,,,,,
,,,,,,,,,,,,
,,,,,,,,,,,,
,,,,,,,,,,,,
,,,,,,,,,,,,
,,,,,,,,,,,,
,,,,,,,,,,,,
,,,,,,,,,,,,
,,,,,,,,,,,,
,,,,,,,,,,,,
,,,,,,,,,,,,
,,,,,,,,,,,,
,,,,,,,,,,,,
,,,,,,,,,,,,
,,,,,,,,,,,,
,,,,,,,,,,,,
,,,,,,,,,,,,
,,,,,,,,,,,,
,,,,,,,,,,,,
,,,,,,,,,,,,
,,,,,,,,,,,,
,,,,,,,,,,,,
,,,,,,,,,,,,
,,,,,,,,,,,,
,,,,,,,,,,,,
,,,,,,,,,,,,
,,,,,,,,,,,,
,,,,,,,,,,,,
,,,,,,,,,,,,
,,,,,,,,,,,,
,,,,,,,,,,,,
,,,,,,,,,,,,
,,,,,,,,,,,,
,,,,,,,,,,,,
,,,,,,,,,,,,
,,,,,,,,,,,,
,,,,,,,,,,,,
,,,,,,,,,,,,
,,,,,,,,,,,,
,,,,,,,,,,,,
,,,,,,,,,,,,
,,,,,,,,,,,,
,,,,,,,,,,,,
,,,,,,,,,,,,
,,,,,,,,,,,,
,,,,,,,,,,,,
,,,,,,,,,,,,
,,,,,,,,,,,,
,,,,,,,,,,,,
,,,,,,,,,,,,
,,,,,,,,,,,,
,,,,,,,,,,,,
,,,,,,,,,,,,
,,,,,,,,,,,,
,,,,,,,,,,,,
,,,,,,,,,,,,
,,,,,,,,,,,,
,,,,,,,,,,,,
,,,,,,,,,,,,
,,,,,,,,,,,,
,,,,,,,,,,,,
,,,,,,,,,,,,
,,,,,,,,,,,,
,,,,,,,,,,,,
,,,,,,,,,,,,
,,,,,,,,,,,,
,,,,,,,,,,,,
,,,,,,,,,,,,
,,,,,,,,,,,,
,,,,,,,,,,,,
,,,,,,,,,,,,
,,,,,,,,,,,,
,,,,,,,,,,,,
,,,,,,,,,,,,
,,,,,,,,,,,,
,,,,,,,,,,,,
,,,,,,,,,,,,
,,,,,,,,,,,,
,,,,,,,,,,,,
,,,,,,,,,,,,
,,,,,,,,,,,,
,,,,,,,,,,,,
,,,,,,,,,,,,
,,,,,,,,,,,,
,,,,,,,,,,,,
,,,,,,,,,,,,
,,,,,,,,,,,,
,,,,,,,,,,,,
,,,,,,,,,,,,
,,,,,,,,,,,,
,,,,,,,,,,,,
,,,,,,,,,,,,
,,,,,,,,,,,,
,,,,,,,,,,,,
,,,,,,,,,,,,
,,,,,,,,,,,,
,,,,,,,,,,,,
,,,,,,,,,,,,
,,,,,,,,,,,,
,,,,,,,,,,,,
,,,,,,,,,,,,
,,,,,,,,,,,,
,,,,,,,,,,,,
,,,,,,,,,,,,
,,,,,,,,,,,,
,,,,,,,,,,,,
,,,,,,,,,,,,
,,,,,,,,,,,,
,,,,,,,,,,,,
,,,,,,,,,,,,
,,,,,,,,,,,,
,,,,,,,,,,,,
,,,,,,,,,,,,
,,,,,,,,,,,,
,,,,,,,,,,,,
,,,,,,,,,,,,
,,,,,,,,,,,,
,,,,,,,,,,,,
,,,,,,,,,,,,
,,,,,,,,,,,,
,,,,,,,,,,,,
,,,,,,,,,,,,
,,,,,,,,,,,,
,,,,,,,,,,,,
,,,,,,,,,,,,
,,,,,,,,,,,,
,,,,,,,,,,,,
,,,,,,,,,,,,
,,,,,,,,,,,,
,,,,,,,,,,,,
,,,,,,,,,,,,
,,,,,,,,,,,,
,,,,,,,,,,,,
,,,,,,,,,,,,
,,,,,,,,,,,,
,,,,,,,,,,,,
,,,,,,,,,,,,
,,,,,,,,,,,,
,,,,,,,,,,,,
,,,,,,,,,,,,
,,,,,,,,,,,,
,,,,,,,,,,,,
,,,,,,,,,,,,
,,,,,,,,,,,,
,,,,,,,,,,,,
,,,,,,,,,,,,
,,,,,,,,,,,,
,,,,,,,,,,,,
,,,,,,,,,,,,
,,,,,,,,,,,,
,,,,,,,,,,,,
,,,,,,,,,,,,
,,,,,,,,,,,,
,,,,,,,,,,,,
,,,,,,,,,,,,
,,,,,,,,,,,,
,,,,,,,,,,,,
,,,,,,,,,,,,
,,,,,,,,,,,,
,,,,,,,,,,,,
,,,,,,,,,,,,
,,,,,,,,,,,,
,,,,,,,,,,,,
,,,,,,,,,,,,
,,,,,,,,,,,,
,,,,,,,,,,,,
,,,,,,,,,,,,
,,,,,,,,,,,,
,,,,,,,,,,,,
,,,,,,,,,,,,
,,,,,,,,,,,,
,,,,,,,,,,,,
,,,,,,,,,,,,
,,,,,,,,,,,,
,,,,,,,,,,,,
,,,,,,,,,,,,
,,,,,,,,,,,,
,,,,,,,,,,,,
,,,,,,,,,,,,
,,,,,,,,,,,,
,,,,,,,,,,,,
,,,,,,,,,,,,
,,,,,,,,,,,,
,,,,,,,,,,,,
,,,,,,,,,,,,
,,,,,,,,,,,,
,,,,,,,,,,,,
,,,,,,,,,,,,
,,,,,,,,,,,,
,,,,,,,,,,,,
,,,,,,,,,,,,
,,,,,,,,,,,,
,,,,,,,,,,,,
,,,,,,,,,,,,
,,,,,,,,,,,,
,,,,,,,,,,,,
,,,,,,,,,,,,
,,,,,,,,,,,,
,,,,,,,,,,,,
,,,,,,,,,,,,
,,,,,,,,,,,,
,,,,,,,,,,,,
,,,,,,,,,,,,
,,,,,,,,,,,,
,,,,,,,,,,,,
,,,,,,,,,,,,
,,,,,,,,,,,,
,,,,,,,,,,,,
,,,,,,,,,,,,
,,,,,,,,,,,,
,,,,,,,,,,,,
,,,,,,,,,,,,
,,,,,,,,,,,,
,,,,,,,,,,,,
,,,,,,,,,,,,
,,,,,,,,,,,,
,,,,,,,,,,,,
,,,,,,,,,,,,
,,,,,,,,,,,,
,,,,,,,,,,,,
,,,,,,,,,,,,
,,,,,,,,,,,,
,,,,,,,,,,,,
,,,,,,,,,,,,
,,,,,,,,,,,,
,,,,,,,,,,,,
,,,,,,,,,,,,
,,,,,,,,,,,,
,,,,,,,,,,,,
,,,,,,,,,,,,
,,,,,,,,,,,,
,,,,,,,,,,,,
,,,,,,,,,,,,
,,,,,,,,,,,,
,,,,,,,,,,,,
,,,,,,,,,,,,
,,,,,,,,,,,,
,,,,,,,,,,,,
,,,,,,,,,,,,
,,,,,,,,,,,,
,,,,,,,,,,,,
,,,,,,,,,,,,
,,,,,,,,,,,,
,,,,,,,,,,,,
,,,,,,,,,,,,
,,,,,,,,,,,,
,,,,,,,,,,,,
,,,,,,,,,,,,
,,,,,,,,,,,,
,,,,,,,,,,,,
,,,,,,,,,,,,
,,,,,,,,,,,,
,,,,,,,,,,,,
,,,,,,,,,,,,
,,,,,,,,,,,,
,,,,,,,,,,,,
,,,,,,,,,,,,
,,,,,,,,,,,,
,,,,,,,,,,,,
,,,,,,,,,,,,
,,,,,,,,,,,,
,,,,,,,,,,,,
,,,,,,,,,,,,
,,,,,,,,,,,,
,,,,,,,,,,,,
,,,,,,,,,,,,
,,,,,,,,,,,,
,,,,,,,,,,,,
,,,,,,,,,,,,
,,,,,,,,,,,,
,,,,,,,,,,,,
,,,,,,,,,,,,
,,,,,,,,,,,,
,,,,,,,,,,,,
,,,,,,,,,,,,
,,,,,,,,,,,,
,,,,,,,,,,,,
,,,,,,,,,,,,
,,,,,,,,,,,,
,,,,,,,,,,,,
,,,,,,,,,,,,
,,,,,,,,,,,,
,,,,,,,,,,,,
,,,,,,,,,,,,
,,,,,,,,,,,,
,,,,,,,,,,,,
,,,,,,,,,,,,
,,,,,,,,,,,,
,,,,,,,,,,,,
,,,,,,,,,,,,
,,,,,,,,,,,,
,,,,,,,,,,,,
,,,,,,,,,,,,
,,,,,,,,,,,,
,,,,,,,,,,,,
,,,,,,,,,,,,
,,,,,,,,,,,,
,,,,,,,,,,,,
,,,,,,,,,,,,
,,,,,,,,,,,,
,,,,,,,,,,,,
,,,,,,,,,,,,
,,,,,,,,,,,,
,,,,,,,,,,,,
,,,,,,,,,,,,
,,,,,,,,,,,,
,,,,,,,,,,,,
,,,,,,,,,,,,
,,,,,,,,,,,,
,,,,,,,,,,,,
,,,,,,,,,,,,
,,,,,,,,,,,,
,,,,,,,,,,,,
,,,,,,,,,,,,
,,,,,,,,,,,,
,,,,,,,,,,,,
,,,,,,,,,,,,
,,,,,,,,,,,,
,,,,,,,,,,,,
,,,,,,,,,,,,
,,,,,,,,,,,,
,,,,,,,,,,,,
,,,,,,,,,,,,
,,,,,,,,,,,,
,,,,,,,,,,,,
,,,,,,,,,,,,
,,,,,,,,,,,,
,,,,,,,,,,,,
,,,,,,,,,,,,
,,,,,,,,,,,,
,,,,,,,,,,,,
,,,,,,,,,,,,
,,,,,,,,,,,,
,,,,,,,,,,,,
,,,,,,,,,,,,
,,,,,,,,,,,,
,,,,,,,,,,,,
,,,,,,,,,,,,
,,,,,,,,,,,,
,,,,,,,,,,,,
,,,,,,,,,,,,
,,,,,,,,,,,,
,,,,,,,,,,,,
,,,,,,,,,,,,
,,,,,,,,,,,,
,,,,,,,,,,,,
,,,,,,,,,,,,
,,,,,,,,,,,,
,,,,,,,,,,,,
,,,,,,,,,,,,
,,,,,,,,,,,,
,,,,,,,,,,,,
,,,,,,,,,,,,
,,,,,,,,,,,,
,,,,,,,,,,,,
,,,,,,,,,,,,
,,,,,,,,,,,,
,,,,,,,,,,,,
,,,,,,,,,,,,
,,,,,,,,,,,,
,,,,,,,,,,,,
,,,,,,,,,,,,
,,,,,,,,,,,,
,,,,,,,,,,,,
,,,,,,,,,,,,
,,,,,,,,,,,,
,,,,,,,,,,,,
,,,,,,,,,,,,
,,,,,,,,,,,,
,,,,,,,,,,,,
,,,,,,,,,,,,
,,,,,,,,,,,,
,,,,,,,,,,,,
,,,,,,,,,,,,
,,,,,,,,,,,,
,,,,,,,,,,,,
,,,,,,,,,,,,
,,,,,,,,,,,,
,,,,,,,,,,,,
,,,,,,,,,,,,
,,,,,,,,,,,,
,,,,,,,,,,,,
,,,,,,,,,,,,
,,,,,,,,,,,,
,,,,,,,,,,,,
,,,,,,,,,,,,
,,,,,,,,,,,,
,,,,,,,,,,,,
,,,,,,,,,,,,
,,,,,,,,,,,,
,,,,,,,,,,,,
,,,,,,,,,,,,
,,,,,,,,,,,,
,,,,,,,,,,,,
,,,,,,,,,,,,
,,,,,,,,,,,,
,,,,,,,,,,,,
,,,,,,,,,,,,
,,,,,,,,,,,,
,,,,,,,,,,,,
,,,,,,,,,,,,
,,,,,,,,,,,,
,,,,,,,,,,,,
,,,,,,,,,,,,
,,,,,,,,,,,,
,,,,,,,,,,,,
,,,,,,,,,,,,
,,,,,,,,,,,,
,,,,,,,,,,,,
,,,,,,,,,,,,
,,,,,,,,,,,,
,,,,,,,,,,,,
,,,,,,,,,,,,
,,,,,,,,,,,,
,,,,,,,,,,,,
,,,,,,,,,,,,
,,,,,,,,,,,,
,,,,,,,,,,,,
,,,,,,,,,,,,
,,,,,,,,,,,,
,,,,,,,,,,,,
,,,,,,,,,,,,
,,,,,,,,,,,,
,,,,,,,,,,,,
,,,,,,,,,,,,
,,,,,,,,,,,,
,,,,,,,,,,,,
,,,,,,,,,,,,
,,,,,,,,,,,,
,,,,,,,,,,,,
,,,,,,,,,,,,
,,,,,,,,,,,,
,,,,,,,,,,,,
,,,,,,,,,,,,
,,,,,,,,,,,,
,,,,,,,,,,,,
,,,,,,,,,,,,
,,,,,,,,,,,,
,,,,,,,,,,,,
,,,,,,,,,,,,
,,,,,,,,,,,,
,,,,,,,,,,,,
,,,,,,,,,,,,
,,,,,,,,,,,,
,,,,,,,,,,,,
,,,,,,,,,,,,
,,,,,,,,,,,,
,,,,,,,,,,,,
,,,,,,,,,,,,
,,,,,,,,,,,,
,,,,,,,,,,,,
,,,,,,,,,,,,
,,,,,,,,,,,,
,,,,,,,,,,,,
,,,,,,,,,,,,
,,,,,,,,,,,,
,,,,,,,,,,,,
,,,,,,,,,,,,
,,,,,,,,,,,,
,,,,,,,,,,,,
,,,,,,,,,,,,
,,,,,,,,,,,,
,,,,,,,,,,,,
,,,,,,,,,,,,
,,,,,,,,,,,,
,,,,,,,,,,,,
,,,,,,,,,,,,
,,,,,,,,,,,,
,,,,,,,,,,,,
,,,,,,,,,,,,
,,,,,,,,,,,,
,,,,,,,,,,,,
,,,,,,,,,,,,
,,,,,,,,,,,,
,,,,,,,,,,,,
,,,,,,,,,,,,
,,,,,,,,,,,,
,,,,,,,,,,,,
,,,,,,,,,,,,
,,,,,,,,,,,,
,,,,,,,,,,,,
,,,,,,,,,,,,
,,,,,,,,,,,,
,,,,,,,,,,,,
,,,,,,,,,,,,
,,,,,,,,,,,,
,,,,,,,,,,,,
,,,,,,,,,,,,
,,,,,,,,,,,,
,,,,,,,,,,,,
,,,,,,,,,,,,
,,,,,,,,,,,,
,,,,,,,,,,,,
,,,,,,,,,,,,
,,,,,,,,,,,,
,,,,,,,,,,,,
,,,,,,,,,,,,
,,,,,,,,,,,,
,,,,,,,,,,,,
,,,,,,,,,,,,
,,,,,,,,,,,,
,,,,,,,,,,,,
,,,,,,,,,,,,
,,,,,,,,,,,,
,,,,,,,,,,,,
,,,,,,,,,,,,
,,,,,,,,,,,,
,,,,,,,,,,,,
,,,,,,,,,,,,
,,,,,,,,,,,,
,,,,,,,,,,,,
,,,,,,,,,,,,
,,,,,,,,,,,,
,,,,,,,,,,,,
,,,,,,,,,,,,
,,,,,,,,,,,,
,,,,,,,,,,,,
,,,,,,,,,,,,
,,,,,,,,,,,,
,,,,,,,,,,,,
,,,,,,,,,,,,
,,,,,,,,,,,,
,,,,,,,,,,,,
,,,,,,,,,,,,
,,,,,,,,,,,,
,,,,,,,,,,,,
,,,,,,,,,,,,
,,,,,,,,,,,,
,,,,,,,,,,,,
,,,,,,,,,,,,
,,,,,,,,,,,,
,,,,,,,,,,,,
,,,,,,,,,,,,
,,,,,,,,,,,,
,,,,,,,,,,,,
,,,,,,,,,,,,
,,,,,,,,,,,,
,,,,,,,,,,,,
,,,,,,,,,,,,
,,,,,,,,,,,,
,,,,,,,,,,,,
,,,,,,,,,,,,
,,,,,,,,,,,,
,,,,,,,,,,,,
,,,,,,,,,,,,
,,,,,,,,,,,,
,,,,,,,,,,,,
,,,,,,,,,,,,
,,,,,,,,,,,,
,,,,,,,,,,,,
,,,,,,,,,,,,
,,,,,,,,,,,,
,,,,,,,,,,,,
,,,,,,,,,,,,
,,,,,,,,,,,,
,,,,,,,,,,,,
,,,,,,,,,,,,
,,,,,,,,,,,,
,,,,,,,,,,,,
,,,,,,,,,,,,
,,,,,,,,,,,,
,,,,,,,,,,,,
,,,,,,,,,,,,
,,,,,,,,,,,,
,,,,,,,,,,,,
,,,,,,,,,,,,
,,,,,,,,,,,,
,,,,,,,,,,,,
,,,,,,,,,,,,
,,,,,,,,,,,,
,,,,,,,,,,,,
,,,,,,,,,,,,
,,,,,,,,,,,,
,,,,,,,,,,,,
,,,,,,,,,,,,
,,,,,,,,,,,,
,,,,,,,,,,,,
,,,,,,,,,,,,
,,,,,,,,,,,,
,,,,,,,,,,,,
,,,,,,,,,,,,
,,,,,,,,,,,,
,,,,,,,,,,,,
,,,,,,,,,,,,
,,,,,,,,,,,,
,,,,,,,,,,,,
,,,,,,,,,,,,
,,,,,,,,,,,,
,,,,,,,,,,,,
,,,,,,,,,,,,
